{"type":"FeatureCollection","features":[{"type":"Feature","id":"relation/12847445","properties":{"admin_level":"10","boundary":"local_authority","local_authority:IN":"municipality","name":"Pallippuram","type":"boundary","ward":"4","wikidata":"Q101580825","id":"relation/12847445"},"geometry":{"type":"Polygon","coordinates":[[[76.5345436,9.6219434],[76.5352893,9.6204784],[76.5369952,9.616152],[76.5372527,9.6148403],[76.5389049,9.6154327],[76.5409112,9.6151365],[76.5423381,9.6165328],[76.545546,9.6162366],[76.5461576,9.6171675],[76.5483034,9.6168713],[76.5485501,9.6184368],[76.5457713,9.6186061],[76.5424561,9.61886],[76.5422147,9.6204361],[76.5405035,9.6213193],[76.5383899,9.6222713],[76.5373063,9.6223877],[76.5360618,9.6222343],[76.5345436,9.6219434]]]}},{"type":"Feature","id":"relation/12847446","properties":{"admin_level":"10","boundary":"local_authority","local_authority:IN":"municipality","name":"Parampuzha","type":"boundary","ward":"3","wikidata":"Q101580824","id":"relation/12847446"},"geometry":{"type":"Polygon","coordinates":[[[76.54899,9.6118784],[76.5505135,9.6124285],[76.5527451,9.6128199],[76.5537321,9.6129468],[76.5548479,9.6128622],[76.5561569,9.6121429],[76.5566472,9.6139759],[76.5569293,9.6150307],[76.5571225,9.6158875],[76.5573585,9.6162472],[76.5584206,9.6166174],[76.5599656,9.6169348],[76.561017,9.617379],[76.5612745,9.6179291],[76.5614462,9.6193148],[76.5608024,9.6210284],[76.5601373,9.6220439],[76.5586352,9.6230382],[76.5572405,9.6241172],[76.5568649,9.6252173],[76.5565431,9.6258731],[76.5546334,9.6260423],[76.5527773,9.6261693],[76.5522838,9.6269944],[76.5526914,9.6282214],[76.5518975,9.628856],[76.5509748,9.6285916],[76.550138,9.6282425],[76.5490008,9.6280521],[76.5481532,9.6280204],[76.5472062,9.6278818],[76.5471125,9.6272905],[76.5470374,9.6261851],[76.5464365,9.624461],[76.5465814,9.623509],[76.5473539,9.6221867],[76.5479386,9.6210496],[76.5479869,9.6199918],[76.5463775,9.6202087],[76.5451384,9.6203938],[76.5442854,9.6205207],[76.5427834,9.6207587],[76.5422147,9.6204361],[76.5424561,9.61886],[76.5457713,9.6186061],[76.5485501,9.6184368],[76.5483034,9.6168713],[76.5483785,9.6137931],[76.54899,9.6118784]]]}},{"type":"Feature","id":"relation/12847447","properties":{"admin_level":"10","boundary":"local_authority","local_authority:IN":"municipality","name":"Sankranthi","type":"boundary","ward":"2","wikidata":"Q101580823","id":"relation/12847447"},"geometry":{"type":"Polygon","coordinates":[[[76.5472062,9.6278818],[76.5464901,9.6277771],[76.5447736,9.6271213],[76.5436041,9.6270895],[76.5435934,9.6275867],[76.5444302,9.6284329],[76.5441513,9.6291205],[76.5427566,9.63021],[76.5425635,9.6303369],[76.5413994,9.6300354],[76.5404016,9.6305061],[76.5402621,9.632426],[76.5394199,9.632865],[76.5384181,9.6332012],[76.5373278,9.6297657],[76.536743,9.6280944],[76.5359116,9.6266929],[76.5370703,9.6267722],[76.53633,9.6252649],[76.5354931,9.6237311],[76.5348118,9.6226469],[76.5345436,9.6219434],[76.5360618,9.6222343],[76.5373063,9.6223877],[76.5383899,9.6222713],[76.5405035,9.6213193],[76.5422147,9.6204361],[76.5427834,9.6207587],[76.5442854,9.6205207],[76.5451384,9.6203938],[76.5463775,9.6202087],[76.5479869,9.6199918],[76.5479386,9.6210496],[76.5473539,9.6221867],[76.5465814,9.623509],[76.5464365,9.624461],[76.5470374,9.6261851],[76.5471125,9.6272905],[76.5472062,9.6278818]]]}},{"type":"Feature","id":"relation/12847448","properties":{"admin_level":"10","boundary":"local_authority","local_authority:IN":"municipality","name":"Gandhi Nagar North","type":"boundary","ward":"1","wikidata":"Q101580822","id":"relation/12847448"},"geometry":{"type":"Polygon","coordinates":[[[76.5247584,9.6367982],[76.5234553,9.6360858],[76.5223589,9.6364748],[76.5209064,9.6365243],[76.516648,9.6345833],[76.5195133,9.6310288],[76.5240991,9.6311831],[76.5264165,9.629607],[76.5272427,9.6290358],[76.5285462,9.6290464],[76.5305471,9.6290358],[76.5329665,9.62902],[76.5343183,9.628745],[76.5355253,9.6284541],[76.536743,9.6280944],[76.5373278,9.6297657],[76.5384181,9.6332012],[76.5379071,9.6333727],[76.5368342,9.6334996],[76.5360403,9.634367],[76.5352035,9.6355094],[76.5343236,9.6364824],[76.5333581,9.6373286],[76.532371,9.6381537],[76.5319419,9.6386402],[76.5311693,9.6381537],[76.5296459,9.6377094],[76.5273714,9.6362709],[76.5258264,9.6370959],[76.5247584,9.6367982]]]}},{"type":"Feature","id":"relation/12847574","properties":{"admin_level":"10","boundary":"local_authority","local_authority:IN":"municipality","name":"Nagampadom North","type":"boundary","ward":"12","wikidata":"Q101580833","id":"relation/12847574"},"geometry":{"type":"Polygon","coordinates":[[[76.5328431,9.6053939],[76.5298712,9.6056372],[76.5293187,9.6058382],[76.5284496,9.6062825],[76.5271997,9.6067744],[76.5258533,9.6070706],[76.5246141,9.6072716],[76.5233695,9.6082553],[76.5225327,9.6068431],[76.5210092,9.6046746],[76.5202544,9.6027684],[76.520623,9.6029344],[76.5215778,9.6033311],[76.5225327,9.6035004],[76.5237343,9.6035427],[76.5243995,9.6030878],[76.5253436,9.6025589],[76.5260947,9.6018818],[76.5265882,9.6005278],[76.5273607,9.5992266],[76.5280795,9.5982217],[76.5290666,9.5977033],[76.530354,9.5975764],[76.5315771,9.5973965],[76.5323818,9.5977985],[76.5329718,9.5988352],[76.5328967,9.6001258],[76.5330362,9.6016068],[76.5332615,9.6024637],[76.5337443,9.6033946],[76.533956,9.6042745],[76.5335297,9.6040293],[76.5328431,9.6053939]]]}},{"type":"Feature","id":"relation/12847575","properties":{"admin_level":"10","boundary":"local_authority","local_authority:IN":"municipality","name":"Mallusserry","type":"boundary","ward":"11","wikidata":"Q101580832","id":"relation/12847575"},"geometry":{"type":"Polygon","coordinates":[[[76.5202544,9.6027684],[76.5210092,9.6046746],[76.5225327,9.6068431],[76.5233695,9.6082553],[76.5233749,9.6098156],[76.5220714,9.6103287],[76.5215671,9.6095935],[76.5209341,9.6087948],[76.5201133,9.6080755],[76.5197861,9.6088001],[76.520167,9.6099426],[76.5211433,9.6119313],[76.519475,9.6121482],[76.5178281,9.6123386],[76.5177637,9.61145],[76.5176403,9.6102282],[76.5174687,9.6095671],[76.5170664,9.6087155],[76.5164012,9.6075043],[76.5160954,9.6069331],[76.516369,9.6053463],[76.516369,9.6042197],[76.5162027,9.6029979],[76.5160686,9.6022574],[76.5167499,9.6019294],[76.5173078,9.6016068],[76.5178227,9.6014957],[76.5181929,9.6015856],[76.5186864,9.6018713],[76.5193784,9.6023737],[76.5202544,9.6027684]]]}},{"type":"Feature","id":"relation/12847576","properties":{"admin_level":"10","boundary":"local_authority","local_authority:IN":"municipality","name":"Pullarikunnu","type":"boundary","ward":"10","wikidata":"Q101580831","id":"relation/12847576"},"geometry":{"type":"Polygon","coordinates":[[[76.5179944,9.6170352],[76.5162831,9.6150519],[76.5151566,9.6136767],[76.5145612,9.6127352],[76.5163529,9.6125078],[76.5178281,9.6123386],[76.519475,9.6121482],[76.5211433,9.6119313],[76.520167,9.6099426],[76.5197861,9.6088001],[76.5201133,9.6080755],[76.5209341,9.6087948],[76.5215671,9.6095935],[76.5220714,9.6103287],[76.5233749,9.6098156],[76.5237611,9.6111432],[76.5242439,9.6128675],[76.5246677,9.6142321],[76.5252471,9.6161255],[76.5242493,9.6162736],[76.5229189,9.6162525],[76.5219426,9.6164799],[76.5204781,9.6167338],[76.5193677,9.616866],[76.5179944,9.6170352]]]}},{"type":"Feature","id":"relation/12847577","properties":{"admin_level":"10","boundary":"local_authority","local_authority:IN":"municipality","name":"S H Mount","type":"boundary","ward":"9","wikidata":"Q101580830","id":"relation/12847577"},"geometry":{"type":"Polygon","coordinates":[[[76.5233749,9.6098156],[76.5233695,9.6082553],[76.5246141,9.6072716],[76.5258533,9.6070706],[76.5271997,9.6067744],[76.5284496,9.6062825],[76.5293187,9.6058382],[76.5298712,9.6056372],[76.5303326,9.6069912],[76.5311158,9.6083453],[76.5315556,9.6103446],[76.5318239,9.6114659],[76.531738,9.6127564],[76.5293777,9.6130103],[76.5288412,9.6131901],[76.5288091,9.615348],[76.5288627,9.6178339],[76.5289236,9.6181416],[76.5265131,9.618458],[76.5259713,9.6174637],[76.5252471,9.6161255],[76.5246677,9.6142321],[76.5242439,9.6128675],[76.5237611,9.6111432],[76.5233749,9.6098156]]]}},{"type":"Feature","id":"relation/12847578","properties":{"admin_level":"10","boundary":"local_authority","local_authority:IN":"municipality","name":"Temple Ward","type":"boundary","ward":"8","wikidata":"Q101580829","id":"relation/12847578"},"geometry":{"type":"Polygon","coordinates":[[[76.5265131,9.618458],[76.5289236,9.6181416],[76.5289485,9.6182676],[76.5291095,9.6191138],[76.5290236,9.6201187],[76.5286052,9.6217372],[76.5286052,9.6224247],[76.5294689,9.623985],[76.528852,9.6242018],[76.5284818,9.6243287],[76.5281063,9.6242864],[76.5280312,9.6252173],[76.5285301,9.6256563],[76.5291899,9.6261534],[76.5294582,9.6266506],[76.5295172,9.6272747],[76.5286267,9.6273857],[76.5268135,9.6273646],[76.5243995,9.626952],[76.5243781,9.6266559],[76.5249574,9.6263491],[76.5255368,9.6263279],[76.5258586,9.6260212],[76.5256762,9.6254817],[76.5252685,9.625175],[76.5249574,9.6249634],[76.5243351,9.6246355],[76.5238523,9.6244028],[76.5236485,9.6241595],[76.5235627,9.6238527],[76.5235948,9.6236095],[76.5238523,9.6233873],[76.5243137,9.6232498],[76.524657,9.6231229],[76.5249038,9.6228055],[76.5249789,9.6226786],[76.5250325,9.6220862],[76.5250969,9.6215362],[76.5259552,9.621166],[76.5265238,9.6209015],[76.5266633,9.6205948],[76.5267384,9.6199178],[76.5267277,9.6195581],[76.5265131,9.618458]]]}},{"type":"Feature","id":"relation/12847579","properties":{"admin_level":"10","boundary":"local_authority","local_authority:IN":"municipality","name":"Kumaranalloor Town","type":"boundary","ward":"7","wikidata":"Q101580828","id":"relation/12847579"},"geometry":{"type":"Polygon","coordinates":[[[76.5345436,9.6219434],[76.5326339,9.6234772],[76.5319472,9.6231176],[76.5313035,9.6226945],[76.5310407,9.6224988],[76.5307993,9.6224882],[76.5306544,9.6228161],[76.5303862,9.6237522],[76.5302306,9.6239003],[76.5294689,9.623985],[76.5286052,9.6224247],[76.5286052,9.6217372],[76.5290236,9.6201187],[76.5291095,9.6191138],[76.5289485,9.6182676],[76.5289236,9.6181416],[76.5288627,9.6178339],[76.5288091,9.615348],[76.5288412,9.6131901],[76.5293777,9.6130103],[76.531738,9.6127564],[76.5318239,9.6114659],[76.5315556,9.6103446],[76.5311158,9.6083453],[76.5303326,9.6069912],[76.5298712,9.6056372],[76.5328431,9.6053939],[76.5326071,9.6063354],[76.5335083,9.6078164],[76.5334868,9.6096887],[76.5335941,9.6111908],[76.5337121,9.6129785],[76.5346777,9.6136238],[76.5351176,9.6144066],[76.5357721,9.6145864],[76.5372527,9.6148403],[76.5369952,9.616152],[76.5352893,9.6204784],[76.5345436,9.6219434]]]}},{"type":"Feature","id":"relation/12847580","properties":{"admin_level":"10","boundary":"local_authority","local_authority:IN":"municipality","name":"Puthettu","type":"boundary","ward":"6","wikidata":"Q101580827","id":"relation/12847580"},"geometry":{"type":"Polygon","coordinates":[[[76.533956,9.6042745],[76.534431,9.6045476],[76.5346634,9.6046433],[76.535536,9.6050025],[76.5368557,9.6047698],[76.5377676,9.6042726],[76.5385187,9.6040716],[76.5393126,9.6039552],[76.5399563,9.6040504],[76.5404498,9.6044842],[76.5410399,9.6056266],[76.5423167,9.6073086],[76.5437972,9.6089165],[76.5448916,9.60953],[76.5458465,9.6099849],[76.5467227,9.6101694],[76.5468013,9.6101859],[76.5486467,9.6100907],[76.5509963,9.6097416],[76.5516014,9.6097765],[76.5526485,9.6098368],[76.5534854,9.6102388],[76.5544081,9.6107783],[76.5561569,9.6121429],[76.5548479,9.6128622],[76.5537321,9.6129468],[76.5527451,9.6128199],[76.5505135,9.6124285],[76.54899,9.6118784],[76.5481746,9.6114235],[76.5466404,9.6119313],[76.5447628,9.6126824],[76.5426814,9.6125872],[76.5406644,9.611085],[76.5399456,9.6127987],[76.5390336,9.612566],[76.5387332,9.613719],[76.5376925,9.6136238],[76.5372527,9.6148403],[76.5357721,9.6145864],[76.5351176,9.6144066],[76.5346777,9.6136238],[76.5337121,9.6129785],[76.5335941,9.6111908],[76.5334868,9.6096887],[76.5335083,9.6078164],[76.5326071,9.6063354],[76.5328431,9.6053939],[76.5335297,9.6040293],[76.533956,9.6042745]]]}},{"type":"Feature","id":"relation/12847581","properties":{"admin_level":"10","boundary":"local_authority","local_authority:IN":"municipality","name":"Nattassery","type":"boundary","ward":"5","wikidata":"Q101580826","id":"relation/12847581"},"geometry":{"type":"Polygon","coordinates":[[[76.5372527,9.6148403],[76.5376925,9.6136238],[76.5387332,9.613719],[76.5390336,9.612566],[76.5399456,9.6127987],[76.5406644,9.611085],[76.5426814,9.6125872],[76.5447628,9.6126824],[76.5466404,9.6119313],[76.5481746,9.6114235],[76.54899,9.6118784],[76.5483785,9.6137931],[76.5483034,9.6168713],[76.5461576,9.6171675],[76.545546,9.6162366],[76.5423381,9.6165328],[76.5409112,9.6151365],[76.5389049,9.6154327],[76.5372527,9.6148403]]]}},{"type":"Feature","id":"relation/12847586","properties":{"admin_level":"10","boundary":"local_authority","local_authority:IN":"municipality","name":"Cathedral","type":"boundary","ward":"20","wikidata":"Q101580841","id":"relation/12847586"},"geometry":{"type":"Polygon","coordinates":[[[76.5209094,9.593151],[76.5202045,9.5929852],[76.5194535,9.5926467],[76.5189814,9.5919485],[76.5187025,9.5909752],[76.5182304,9.588796],[76.5174767,9.5881401],[76.5178227,9.5871033],[76.5183162,9.5861935],[76.5189814,9.5858762],[76.5201401,9.5861935],[76.5209341,9.5857704],[76.5211487,9.585051],[76.5218568,9.584924],[76.5214491,9.5842258],[76.522479,9.5841835],[76.5228653,9.5840777],[76.5241742,9.583316],[76.5254617,9.5852837],[76.5288627,9.5853366],[76.5311479,9.5862253],[76.5316844,9.5875476],[76.5316522,9.5886373],[76.5316629,9.5890604],[76.5307295,9.5892403],[76.5298176,9.589272],[76.5263092,9.5894836],[76.5240884,9.5897163],[76.5237343,9.5898644],[76.522243,9.5908271],[76.5206873,9.5920648],[76.5209094,9.593151]]]}},{"type":"Feature","id":"relation/12847587","properties":{"admin_level":"10","boundary":"local_authority","local_authority:IN":"municipality","name":"Collectorate","type":"boundary","ward":"19","wikidata":"Q101580840","id":"relation/12847587"},"geometry":{"type":"Polygon","coordinates":[[[76.5356219,9.5914777],[76.532886,9.5903828],[76.5310943,9.5901818],[76.5307295,9.5892403],[76.5316629,9.5890604],[76.5316522,9.5886373],[76.5316844,9.5875476],[76.5311479,9.5862253],[76.5288627,9.5853366],[76.5288305,9.5837286],[76.5288412,9.5823004],[76.5284764,9.5819513],[76.5294099,9.5819619],[76.5308476,9.5819302],[76.5343987,9.5818772],[76.535933,9.581835],[76.5378213,9.5832526],[76.5380144,9.5849029],[76.5380358,9.5864686],[76.5376603,9.5876534],[76.5372956,9.5891133],[76.5367806,9.5902876],[76.5356219,9.5914777]]]}},{"type":"Feature","id":"relation/12847588","properties":{"admin_level":"10","boundary":"local_authority","local_authority:IN":"municipality","name":"Muttambalam","type":"boundary","ward":"18","wikidata":"Q101580839","id":"relation/12847588"},"geometry":{"type":"Polygon","coordinates":[[[76.5436041,9.5872303],[76.5402889,9.5874313],[76.5376603,9.5876534],[76.5380358,9.5864686],[76.5380144,9.5849029],[76.5378213,9.5832526],[76.535933,9.581835],[76.5361368,9.5809992],[76.5367377,9.5792641],[76.5373385,9.5777937],[76.5378642,9.5758048],[76.5382933,9.5748103],[76.5387118,9.5734985],[76.5389263,9.5724299],[76.5393126,9.5712979],[76.539731,9.5705044],[76.5411365,9.5701184],[76.5421454,9.5699881],[76.5421557,9.5724828],[76.5414476,9.5734773],[76.5427995,9.5758894],[76.5418768,9.5769897],[76.5427136,9.5792325],[76.5419626,9.581581],[76.5424347,9.5827448],[76.5434217,9.5853895],[76.5436041,9.5872303]]]}},{"type":"Feature","id":"relation/12847589","properties":{"admin_level":"10","boundary":"local_authority","local_authority:IN":"municipality","name":"Devalokam","type":"boundary","ward":"17","wikidata":"Q101580838","id":"relation/12847589"},"geometry":{"type":"Polygon","coordinates":[[[76.5424347,9.5827448],[76.5419626,9.581581],[76.5427136,9.5792325],[76.5418768,9.5769897],[76.5427995,9.5758894],[76.5414476,9.5734773],[76.5421557,9.5724828],[76.5421454,9.5699881],[76.5426432,9.5699262],[76.5439904,9.5699967],[76.5454173,9.5699014],[76.5466082,9.5702823],[76.5484643,9.5704093],[76.5483785,9.5717846],[76.5488076,9.5722501],[76.5490436,9.5732445],[76.549505,9.5743872],[76.550256,9.5752017],[76.5510323,9.5757469],[76.5502882,9.5763337],[76.5502667,9.5769473],[76.5501165,9.5784708],[76.5494728,9.5793171],[76.5487861,9.5795287],[76.5480995,9.5796345],[76.5469622,9.5800576],[76.5468764,9.5805866],[76.5469837,9.5817926],[76.5471124,9.5829775],[76.5458894,9.583316],[76.5438938,9.583443],[76.5424347,9.5827448]]]}},{"type":"Feature","id":"relation/12847590","properties":{"admin_level":"10","boundary":"local_authority","local_authority:IN":"municipality","name":"Kanjikuzhy","type":"boundary","ward":"16","wikidata":"Q101580837","id":"relation/12847590"},"geometry":{"type":"Polygon","coordinates":[[[76.5510323,9.5757469],[76.5516722,9.5761962],[76.5522194,9.5768627],[76.5521442,9.5775397],[76.5513932,9.5785766],[76.5507388,9.5796027],[76.5496981,9.5808828],[76.5486574,9.5819619],[76.5475953,9.5829775],[76.5474202,9.583793],[76.5472841,9.5844269],[76.5474922,9.5855137],[76.5476811,9.5865003],[76.5477146,9.5881301],[76.5477239,9.5885844],[76.5478849,9.590076],[76.5486252,9.5926996],[76.5484321,9.5949105],[76.5470803,9.5950797],[76.5456855,9.5942652],[76.5451383,9.5936517],[76.5448916,9.5924986],[76.544323,9.590478],[76.5451813,9.5894624],[76.5436041,9.5872303],[76.5434217,9.5853895],[76.5424347,9.5827448],[76.5438938,9.583443],[76.5458894,9.583316],[76.5471124,9.5829775],[76.5469837,9.5817926],[76.5468764,9.5805866],[76.5469622,9.5800576],[76.5480995,9.5796345],[76.5487861,9.5795287],[76.5494728,9.5793171],[76.5501165,9.5784708],[76.5502667,9.5769473],[76.5502882,9.5763337],[76.5510323,9.5757469]]]}},{"type":"Feature","id":"relation/12847591","properties":{"admin_level":"10","boundary":"local_authority","local_authority:IN":"municipality","name":"Mount Carmel","type":"boundary","ward":"15","wikidata":"Q101580836","id":"relation/12847591"},"geometry":{"type":"Polygon","coordinates":[[[76.5436041,9.5872303],[76.5451813,9.5894624],[76.544323,9.590478],[76.5448916,9.5924986],[76.5451383,9.5936517],[76.5456855,9.5942652],[76.5470803,9.5950797],[76.5464258,9.5954289],[76.5458357,9.5964973],[76.5454066,9.5975658],[76.5447897,9.5972537],[76.543749,9.5964074],[76.5429068,9.5958044],[76.5422469,9.5950639],[76.5417963,9.5944927],[76.5420645,9.5924192],[76.5421557,9.5919273],[76.5418071,9.5911815],[76.5414691,9.5908853],[76.5410668,9.5906949],[76.540423,9.5911815],[76.5398598,9.5916893],[76.5393072,9.5923293],[76.5379608,9.5920437],[76.5366518,9.5917792],[76.5356219,9.5914777],[76.5367806,9.5902876],[76.5372956,9.5891133],[76.5376603,9.5876534],[76.5402889,9.5874313],[76.5436041,9.5872303]]]}},{"type":"Feature","id":"relation/12847592","properties":{"admin_level":"10","boundary":"local_authority","local_authority:IN":"municipality","name":"Mullenkuzhy","type":"boundary","ward":"14","wikidata":"Q101580835","id":"relation/12847592"},"geometry":{"type":"Polygon","coordinates":[[[76.5356219,9.5914777],[76.5366518,9.5917792],[76.5379608,9.5920437],[76.5393072,9.5923293],[76.5398598,9.5916893],[76.540423,9.5911815],[76.5410668,9.5906949],[76.5414691,9.5908853],[76.5418071,9.5911815],[76.5421557,9.5919273],[76.5420645,9.5924192],[76.5417963,9.5944927],[76.5422469,9.5950639],[76.5429068,9.5958044],[76.543749,9.5964074],[76.5447897,9.5972537],[76.5454066,9.5975658],[76.5448915,9.5981053],[76.5433574,9.5986871],[76.5425956,9.5990467],[76.5418983,9.6001152],[76.5411902,9.6006865],[76.5403962,9.6017972],[76.5388405,9.6018183],[76.5374672,9.6021992],[76.5371776,9.6030667],[76.5368557,9.6047698],[76.535536,9.6050025],[76.5346634,9.6046433],[76.534667,9.6043255],[76.534608,9.6039235],[76.5344202,9.6034422],[76.5338838,9.6022309],[76.5336156,9.6002898],[76.5335941,9.5996392],[76.5335458,9.5980841],[76.5333366,9.5975816],[76.5326124,9.5970263],[76.5315235,9.596857],[76.5306705,9.5968676],[76.529485,9.5970527],[76.5274358,9.5976927],[76.5268403,9.5977932],[76.5273017,9.5971744],[76.5286481,9.595212],[76.5301984,9.5948206],[76.5325373,9.5941065],[76.533975,9.5936093],[76.5345061,9.593001],[76.5356219,9.5914777]]]}},{"type":"Feature","id":"relation/12847593","properties":{"admin_level":"10","boundary":"local_authority","local_authority:IN":"municipality","name":"Nagampadom South","type":"boundary","ward":"13","wikidata":"Q101580834","id":"relation/12847593"},"geometry":{"type":"Polygon","coordinates":[[[76.5173829,9.6010356],[76.5170288,9.5998402],[76.5190136,9.5985179],[76.5200758,9.5975446],[76.5209877,9.5965925],[76.5213847,9.595778],[76.5213954,9.5951327],[76.521213,9.5943816],[76.5209663,9.5934295],[76.5209094,9.593151],[76.5206873,9.5920648],[76.522243,9.5908271],[76.5237343,9.5898644],[76.5240884,9.5897163],[76.5263092,9.5894836],[76.5298176,9.589272],[76.5307295,9.5892403],[76.5310943,9.5901818],[76.532886,9.5903828],[76.5356219,9.5914777],[76.5345061,9.593001],[76.533975,9.5936093],[76.5325373,9.5941065],[76.5301984,9.5948206],[76.5286481,9.595212],[76.5273017,9.5971744],[76.5268403,9.5977932],[76.5269262,9.5984068],[76.5266687,9.5989198],[76.5261537,9.5998666],[76.5256333,9.6011678],[76.5251827,9.6020723],[76.5245336,9.6024848],[76.5234446,9.6030137],[76.5225166,9.602982],[76.5216637,9.6027969],[76.520682,9.6023737],[76.5195715,9.6018131],[76.5184128,9.6012418],[76.5177637,9.6009985],[76.5173829,9.6010356]]]}},{"type":"Feature","id":"relation/12847680","properties":{"admin_level":"10","boundary":"local_authority","local_authority:IN":"municipality","name":"Mavilangu","type":"boundary","ward":"39","wikidata":"Q101580861","id":"relation/12847680"},"geometry":{"type":"Polygon","coordinates":[[[76.4957213,9.5111271],[76.495732,9.5128518],[76.4952707,9.5147882],[76.496365,9.5162379],[76.4977169,9.5169997],[76.4992833,9.516513],[76.5001631,9.5160897],[76.5015793,9.5160791],[76.5020084,9.5172536],[76.5034032,9.518079],[76.5070938,9.5181636],[76.5094542,9.5180367],[76.5109508,9.518017],[76.5124476,9.5193117],[76.513719,9.519264],[76.5165299,9.5190736],[76.5199041,9.5190683],[76.5235895,9.5186027],[76.525687,9.5185604],[76.5253437,9.5190418],[76.5250915,9.521539],[76.5247536,9.5233166],[76.523627,9.5250254],[76.5220445,9.5259248],[76.5199739,9.5272315],[76.5194428,9.5268824],[76.5190244,9.5267554],[76.5182304,9.5266496],[76.5171039,9.5275595],[76.5165353,9.5289139],[76.5159345,9.5299614],[76.5147757,9.5308925],[76.5132737,9.5311358],[76.5121901,9.5313051],[76.5116966,9.5315802],[76.5107632,9.5322468],[76.510334,9.5324584],[76.5095615,9.5324902],[76.5090787,9.5314427],[76.5080058,9.5312522],[76.5062356,9.5315591],[76.5051412,9.5316966],[76.5032208,9.5297709],[76.5017831,9.5285118],[76.499809,9.5274643],[76.495496,9.5273373],[76.4865482,9.5274855],[76.4836407,9.527295],[76.4838016,9.5225865],[76.4841771,9.520629],[76.4846384,9.5130211],[76.4848962,9.5083435],[76.4897668,9.5090214],[76.4928915,9.5073615],[76.4935756,9.5085664],[76.49423,9.5099314],[76.4957213,9.5111271]]]}},{"type":"Feature","id":"relation/12847681","properties":{"admin_level":"10","boundary":"local_authority","local_authority:IN":"municipality","name":"Puthenthodu","type":"boundary","ward":"38","wikidata":"Q101580860","id":"relation/12847681"},"geometry":{"type":"Polygon","coordinates":[[[76.5211057,9.5124974],[76.5216851,9.511508],[76.5225488,9.5106245],[76.5238469,9.5107726],[76.5252042,9.5110054],[76.5268749,9.5111671],[76.5272265,9.5112011],[76.5287662,9.5110371],[76.5299892,9.5106457],[76.5314108,9.5098574],[76.5327734,9.5090055],[76.5343773,9.5090743],[76.5357935,9.5100108],[76.5352249,9.5118996],[76.535005,9.5130688],[76.5347743,9.5140476],[76.5347457,9.5144088],[76.5330201,9.5140898],[76.5304506,9.5139258],[76.5288252,9.5137195],[76.5273607,9.5134074],[76.5266901,9.514693],[76.5261054,9.515841],[76.5260464,9.5179784],[76.525687,9.5185604],[76.5235895,9.5186027],[76.5199041,9.5190683],[76.5165299,9.5190736],[76.513719,9.519264],[76.5124476,9.5193117],[76.5109508,9.518017],[76.5126728,9.5179943],[76.5131664,9.5160897],[76.5155804,9.5157088],[76.5187024,9.5151057],[76.5199095,9.5138782],[76.5211057,9.5124974]]]}},{"type":"Feature","id":"relation/12847682","properties":{"admin_level":"10","boundary":"local_authority","local_authority:IN":"municipality","name":"Palamoodu","type":"boundary","ward":"37","wikidata":"Q101580859","id":"relation/12847682"},"geometry":{"type":"Polygon","coordinates":[[[76.525687,9.5185604],[76.5260464,9.5179784],[76.5261054,9.515841],[76.5266901,9.514693],[76.5273607,9.5134074],[76.5288252,9.5137195],[76.5304506,9.5139258],[76.5330201,9.5140898],[76.5347457,9.5144088],[76.5346885,9.5151321],[76.5345115,9.516222],[76.5344846,9.5167563],[76.5349566,9.519391],[76.5338194,9.5217718],[76.5318131,9.5211686],[76.5281331,9.5200259],[76.5253437,9.5190418],[76.525687,9.5185604]]]}},{"type":"Feature","id":"relation/12847683","properties":{"admin_level":"10","boundary":"local_authority","local_authority:IN":"municipality","name":"Chingavanam","type":"boundary","ward":"36","wikidata":"Q101580858","id":"relation/12847683"},"geometry":{"type":"Polygon","coordinates":[[[76.5338194,9.5217718],[76.5333366,9.5231368],[76.5329719,9.5242794],[76.5330791,9.5252529],[76.5337014,9.5262158],[76.5336156,9.5269353],[76.5328539,9.5274644],[76.5325215,9.527523],[76.532135,9.5275912],[76.5312874,9.5271575],[76.5300107,9.5255598],[76.5286588,9.5256232],[76.527028,9.525528],[76.5263199,9.5263639],[76.5261805,9.5274802],[76.5262127,9.528406],[76.5262449,9.5298767],[76.5257406,9.5312523],[76.5252578,9.5309348],[76.524421,9.5304587],[76.5242664,9.5303891],[76.5231228,9.5296969],[76.5215778,9.5286705],[76.5203762,9.5274855],[76.5199739,9.5272315],[76.5220445,9.5259248],[76.523627,9.5250254],[76.5247536,9.5233166],[76.5250915,9.521539],[76.5253437,9.5190418],[76.5281331,9.5200259],[76.5318131,9.5211686],[76.5338194,9.5217718]]]}},{"type":"Feature","id":"relation/12847684","properties":{"admin_level":"10","boundary":"local_authority","local_authority:IN":"municipality","name":"Pannimattom","type":"boundary","ward":"35","wikidata":"Q101580857","id":"relation/12847684"},"geometry":{"type":"Polygon","coordinates":[[[76.5257406,9.5312523],[76.5259766,9.5330615],[76.5248823,9.5342994],[76.5247695,9.5351335],[76.523332,9.5350666],[76.5211862,9.5348126],[76.517871,9.5349449],[76.5176725,9.5326277],[76.517356,9.5320193],[76.5166104,9.5314427],[76.5152907,9.5310618],[76.5147757,9.5308925],[76.5159345,9.5299614],[76.5165353,9.5289139],[76.5171039,9.5275595],[76.5182304,9.5266496],[76.5190244,9.5267554],[76.5194428,9.5268824],[76.5199739,9.5272315],[76.5203762,9.5274855],[76.5215778,9.5286705],[76.5231228,9.5296969],[76.5242664,9.5303891],[76.524421,9.5304587],[76.5252578,9.5309348],[76.5257406,9.5312523]]]}},{"type":"Feature","id":"relation/12847685","properties":{"admin_level":"10","boundary":"local_authority","local_authority:IN":"municipality","name":"Power House","type":"boundary","ward":"34","wikidata":"Q101580856","id":"relation/12847685"},"geometry":{"type":"Polygon","coordinates":[[[76.5149259,9.5381931],[76.5145719,9.5352517],[76.5146148,9.5331885],[76.5146577,9.5323315],[76.5152907,9.5310618],[76.5166104,9.5314427],[76.517356,9.5320193],[76.5176725,9.5326277],[76.517871,9.5349449],[76.5211862,9.5348126],[76.523332,9.5350666],[76.5247695,9.5351335],[76.5246892,9.5357279],[76.5247214,9.5370293],[76.523627,9.538299],[76.5238416,9.5389443],[76.5240026,9.5404044],[76.5234232,9.5407695],[76.522738,9.5412058],[76.5225541,9.5416001],[76.5224039,9.5432506],[76.5223856,9.544161],[76.5223717,9.5448482],[76.5226239,9.5451921],[76.5228492,9.5455624],[76.5192926,9.5449434],[76.517635,9.5462342],[76.5169698,9.5469272],[76.5147972,9.5478212],[76.5148723,9.5460438],[76.5153015,9.5415048],[76.5162071,9.5414075],[76.5163851,9.5413884],[76.5168893,9.5411133],[76.5176511,9.5393676],[76.5174794,9.5381402],[76.5149259,9.5381931]]]}},{"type":"Feature","id":"relation/12847686","properties":{"admin_level":"10","boundary":"local_authority","local_authority:IN":"municipality","name":"Chettikunnu","type":"boundary","ward":"33","wikidata":"Q101580855","id":"relation/12847686"},"geometry":{"type":"Polygon","coordinates":[[[76.5144539,9.5539895],[76.5142661,9.5516407],[76.5139389,9.5483185],[76.5147972,9.5478212],[76.5169698,9.5469272],[76.517635,9.5462342],[76.5192926,9.5449434],[76.5228492,9.5455624],[76.523112,9.5459274],[76.5238738,9.5470172],[76.5240347,9.548583],[76.5239596,9.5523072],[76.5236056,9.5523495],[76.5205479,9.5525188],[76.5189278,9.5525717],[76.5173936,9.5531113],[76.5172326,9.5540106],[76.5170395,9.5553014],[76.5144539,9.5539895]]]}},{"type":"Feature","id":"relation/12847687","properties":{"admin_level":"10","boundary":"local_authority","local_authority:IN":"municipality","name":"Kakkur Muthenmali","type":"boundary","ward":"32","wikidata":"Q101580854","id":"relation/12847687"},"geometry":{"type":"Polygon","coordinates":[[[76.5198934,9.5597661],[76.5193033,9.5584542],[76.518681,9.5575337],[76.5173721,9.5556082],[76.5170395,9.5553014],[76.5172326,9.5540106],[76.5173936,9.5531113],[76.5189278,9.5525717],[76.5205479,9.5525188],[76.5236056,9.5523495],[76.5239596,9.5523072],[76.5240347,9.548583],[76.5253222,9.5499585],[76.5263414,9.5513656],[76.5268242,9.5520851],[76.5273018,9.5531027],[76.527425,9.5533652],[76.5278863,9.5547724],[76.5282833,9.5562747],[76.5283954,9.5564825],[76.5266204,9.5577771],[76.5260947,9.5575549],[76.5249896,9.5569836],[76.5246034,9.5575972],[76.5228653,9.5578088],[76.5222108,9.5582003],[76.521492,9.5588351],[76.5198934,9.5597661]]]}},{"type":"Feature","id":"relation/12847688","properties":{"admin_level":"10","boundary":"local_authority","local_authority:IN":"municipality","name":"Moolavattom","type":"boundary","ward":"31","wikidata":"Q101580853","id":"relation/12847688"},"geometry":{"type":"Polygon","coordinates":[[[76.5198934,9.5597661],[76.521492,9.5588351],[76.5222108,9.5582003],[76.5228653,9.5578088],[76.5246034,9.5575972],[76.5249896,9.5569836],[76.5260947,9.5575549],[76.5266204,9.5577771],[76.5283954,9.5564825],[76.5288197,9.5572693],[76.5294742,9.5572904],[76.5302467,9.5573221],[76.5305042,9.557957],[76.5307402,9.5585389],[76.5310943,9.5595439],[76.5312114,9.5596905],[76.5301072,9.5599036],[76.5296996,9.5601364],[76.5295279,9.5605807],[76.5290451,9.5609299],[76.5286052,9.5613002],[76.5277469,9.5610992],[76.5275645,9.5613637],[76.5272534,9.5617657],[76.5266418,9.5627284],[76.5252578,9.5635748],[76.5247214,9.5636489],[76.5236378,9.5634055],[76.5216637,9.5655532],[76.5206015,9.5657648],[76.5192819,9.5658706],[76.5178442,9.5643154],[76.5176082,9.5639663],[76.5171146,9.5627073],[76.5172541,9.5618821],[76.5179193,9.5613319],[76.5193033,9.5604644],[76.5198934,9.5597661]]]}},{"type":"Feature","id":"relation/12847689","properties":{"admin_level":"10","boundary":"local_authority","local_authority:IN":"municipality","name":"Muppayikadu","type":"boundary","ward":"30","wikidata":"Q101580852","id":"relation/12847689"},"geometry":{"type":"Polygon","coordinates":[[[76.5312114,9.5596905],[76.5320921,9.5607924],[76.5327787,9.562591],[76.5342378,9.5648021],[76.5363729,9.5677432],[76.5345811,9.5681875],[76.5343344,9.5691186],[76.5340233,9.5693301],[76.5340984,9.572578],[76.5318668,9.5726944],[76.5320492,9.5759317],[76.5311587,9.5760269],[76.5297961,9.5771378],[76.5291524,9.5776667],[76.5287661,9.5788728],[76.5280258,9.5803432],[76.5281653,9.5809145],[76.5284764,9.5819513],[76.5273714,9.5820359],[76.5248501,9.579973],[76.5229618,9.578365],[76.5233159,9.5774763],[76.5232086,9.5760164],[76.5224254,9.572176],[76.5221143,9.5704939],[76.5209126,9.5669709],[76.5206015,9.5657648],[76.5216637,9.5655532],[76.5236378,9.5634055],[76.5247214,9.5636489],[76.5252578,9.5635748],[76.5266418,9.5627284],[76.5272534,9.5617657],[76.5275645,9.5613637],[76.5277469,9.5610992],[76.5286052,9.5613002],[76.5290451,9.5609299],[76.5295279,9.5605807],[76.5296996,9.5601364],[76.5301072,9.5599036],[76.5312114,9.5596905]]]}},{"type":"Feature","id":"relation/12847690","properties":{"admin_level":"10","boundary":"local_authority","local_authority:IN":"municipality","name":"Kodimatha North","type":"boundary","ward":"29","wikidata":"Q101580851","id":"relation/12847690"},"geometry":{"type":"Polygon","coordinates":[[[76.5164387,9.5885103],[76.5161061,9.587664],[76.5150761,9.5867754],[76.513735,9.5857915],[76.5140355,9.5851145],[76.5144002,9.5840142],[76.5142286,9.5822369],[76.5145504,9.5815176],[76.5154624,9.5807876],[76.5159666,9.5798566],[76.5160632,9.5789151],[76.5157843,9.5774446],[76.5156448,9.5754239],[76.5169537,9.5761433],[76.5186596,9.5761645],[76.5195072,9.5764924],[76.5212989,9.5775927],[76.5229618,9.578365],[76.5248501,9.579973],[76.5273714,9.5820359],[76.5284764,9.5819513],[76.5288412,9.5823004],[76.5288305,9.5837286],[76.5288627,9.5853366],[76.5254617,9.5852837],[76.5241742,9.583316],[76.5228653,9.5840777],[76.522479,9.5841835],[76.5214491,9.5842258],[76.5218568,9.584924],[76.5211487,9.585051],[76.5209341,9.5857704],[76.5201401,9.5861935],[76.5189814,9.5858762],[76.5183162,9.5861935],[76.5178227,9.5871033],[76.5174767,9.5881401],[76.5164387,9.5885103]]]}},{"type":"Feature","id":"relation/12847691","properties":{"admin_level":"10","boundary":"local_authority","local_authority:IN":"municipality","name":"Karapuzha","type":"boundary","ward":"28","wikidata":"Q101580850","id":"relation/12847691"},"geometry":{"type":"Polygon","coordinates":[[[76.513735,9.5857915],[76.512748,9.5849135],[76.5114927,9.5838238],[76.5109455,9.5836545],[76.5101945,9.5837603],[76.5092289,9.5842258],[76.5086281,9.5845643],[76.5080917,9.584649],[76.5073728,9.5842152],[76.5070188,9.584046],[76.5069866,9.5832843],[76.5078342,9.5823216],[76.5087139,9.5818244],[76.5084457,9.5797085],[76.5096259,9.5786506],[76.5102374,9.5771907],[76.5110314,9.5748526],[76.5132522,9.5748738],[76.5156448,9.5754239],[76.5157843,9.5774446],[76.5160632,9.5789151],[76.5159666,9.5798566],[76.5154624,9.5807876],[76.5145504,9.5815176],[76.5142286,9.5822369],[76.5144002,9.5840142],[76.5140355,9.5851145],[76.513735,9.5857915]]]}},{"type":"Feature","id":"relation/12847692","properties":{"admin_level":"10","boundary":"local_authority","local_authority:IN":"municipality","name":"Pathinarilchira","type":"boundary","ward":"27","wikidata":"Q101580849","id":"relation/12847692"},"geometry":{"type":"Polygon","coordinates":[[[76.5070188,9.584046],[76.5060747,9.5834641],[76.5059352,9.5822687],[76.5058601,9.5816445],[76.5057421,9.5812002],[76.5053129,9.5809463],[76.5042937,9.5810415],[76.503768,9.5811685],[76.5033388,9.5803962],[76.5022552,9.5791796],[76.5023625,9.5779735],[76.5033603,9.575773],[76.5014827,9.5739957],[76.500721,9.5722818],[76.5036714,9.5731811],[76.5110314,9.5748526],[76.5102374,9.5771907],[76.5096259,9.5786506],[76.5084457,9.5797085],[76.5087139,9.5818244],[76.5078342,9.5823216],[76.5069866,9.5832843],[76.5070188,9.584046]]]}},{"type":"Feature","id":"relation/12847693","properties":{"admin_level":"10","boundary":"local_authority","local_authority:IN":"municipality","name":"Pulinackkal","type":"boundary","ward":"26","wikidata":"Q101580848","id":"relation/12847693"},"geometry":{"type":"Polygon","coordinates":[[[76.503768,9.5811685],[76.5029096,9.5812531],[76.50056,9.5820148],[76.5004957,9.5854318],[76.4997554,9.5858338],[76.4976525,9.5871033],[76.497277,9.5872408],[76.4968371,9.5841941],[76.4965796,9.5824274],[76.4969015,9.5815916],[76.4972985,9.5813166],[76.4981031,9.5811685],[76.4988112,9.5810098],[76.4988971,9.5802586],[76.4990151,9.5793065],[76.4988005,9.5779418],[76.5003776,9.5773705],[76.5014827,9.5739957],[76.5033603,9.575773],[76.5023625,9.5779735],[76.5022552,9.5791796],[76.5033388,9.5803962],[76.503768,9.5811685]]]}},{"type":"Feature","id":"relation/12847694","properties":{"admin_level":"10","boundary":"local_authority","local_authority:IN":"municipality","name":"Pallikonam","type":"boundary","ward":"25","wikidata":"Q101580847","id":"relation/12847694"},"geometry":{"type":"Polygon","coordinates":[[[76.5004957,9.5854318],[76.50056,9.5820148],[76.5029096,9.5812531],[76.50262,9.5829352],[76.5025234,9.5842576],[76.50262,9.5852626],[76.5031242,9.5866802],[76.5045512,9.589674],[76.5056133,9.5918109],[76.5063697,9.5934877],[76.5054738,9.5935353],[76.5046424,9.5935882],[76.5041864,9.5934665],[76.5032959,9.5930487],[76.5028399,9.5923822],[76.5022498,9.5914301],[76.5017724,9.59015],[76.5009785,9.5879391],[76.5004957,9.5854318]]]}},{"type":"Feature","id":"relation/12847695","properties":{"admin_level":"10","boundary":"local_authority","local_authority:IN":"municipality","name":"Thiruvathukkal","type":"boundary","ward":"24","wikidata":"Q101580846","id":"relation/12847695"},"geometry":{"type":"Polygon","coordinates":[[[76.5029096,9.5812531],[76.503768,9.5811685],[76.5042937,9.5810415],[76.5053129,9.5809463],[76.5057421,9.5812002],[76.5058601,9.5816445],[76.5059352,9.5822687],[76.5060747,9.5834641],[76.5070188,9.584046],[76.5067077,9.5854213],[76.506536,9.58613],[76.5069115,9.5871139],[76.5073943,9.5872303],[76.5076518,9.5875371],[76.5080058,9.5879602],[76.5084779,9.5886902],[76.5089178,9.5895471],[76.5091109,9.5899279],[76.5094972,9.590679],[76.5096366,9.5916734],[76.5093577,9.5926149],[76.5084565,9.593292],[76.5073943,9.5934401],[76.5063697,9.5934877],[76.5056133,9.5918109],[76.5045512,9.589674],[76.5031242,9.5866802],[76.50262,9.5852626],[76.5025234,9.5842576],[76.50262,9.5829352],[76.5029096,9.5812531]]]}},{"type":"Feature","id":"relation/12847696","properties":{"admin_level":"10","boundary":"local_authority","local_authority:IN":"municipality","name":"Puthenangadi","type":"boundary","ward":"23","wikidata":"Q101580845","id":"relation/12847696"},"geometry":{"type":"Polygon","coordinates":[[[76.5063697,9.5934877],[76.5073943,9.5934401],[76.5084565,9.593292],[76.5093577,9.5926149],[76.5096366,9.5916734],[76.5094972,9.590679],[76.5091109,9.5899279],[76.5089178,9.5895471],[76.5084779,9.5886902],[76.5080058,9.5879602],[76.5076518,9.5875371],[76.5073943,9.5872303],[76.5069115,9.5871139],[76.506536,9.58613],[76.5067077,9.5854213],[76.5070188,9.584046],[76.5073728,9.5842152],[76.5080917,9.584649],[76.5086281,9.5845643],[76.5092289,9.5842258],[76.5101945,9.5837603],[76.5109455,9.5836545],[76.5114927,9.5838238],[76.512748,9.5849135],[76.513735,9.5857915],[76.5128875,9.5868177],[76.5122867,9.587865],[76.5121901,9.5887007],[76.5121579,9.5894413],[76.5119219,9.5899385],[76.5115678,9.5907742],[76.5114498,9.5917475],[76.5118146,9.5931016],[76.5119433,9.5938844],[76.5121472,9.5955558],[76.5112406,9.5959419],[76.5098083,9.596291],[76.5086818,9.596217],[76.5076142,9.5956563],[76.5067077,9.5951538],[76.5064931,9.5948682],[76.5064394,9.5939849],[76.5063697,9.5934877]]]}},{"type":"Feature","id":"relation/12847697","properties":{"admin_level":"10","boundary":"local_authority","local_authority:IN":"municipality","name":"Chirayilpadam","type":"boundary","ward":"22","wikidata":"Q101580843","id":"relation/12847697"},"geometry":{"type":"Polygon","coordinates":[[[76.513735,9.5857915],[76.5150761,9.5867754],[76.5161061,9.587664],[76.5164387,9.5885103],[76.5161061,9.5898433],[76.5157092,9.5908694],[76.5153015,9.591155],[76.5146792,9.5913032],[76.5140569,9.5914513],[76.5139711,9.5927842],[76.5148294,9.5939902],[76.5151942,9.5945191],[76.5151513,9.5963915],[76.5145397,9.5959896],[76.5139818,9.5957357],[76.5128338,9.5955347],[76.5121472,9.5955558],[76.5119433,9.5938844],[76.5118146,9.5931016],[76.5114498,9.5917475],[76.5115678,9.5907742],[76.5119219,9.5899385],[76.5121579,9.5894413],[76.5121901,9.5887007],[76.5122867,9.587865],[76.5128875,9.5868177],[76.513735,9.5857915]]]}},{"type":"Feature","id":"relation/12847698","properties":{"admin_level":"10","boundary":"local_authority","local_authority:IN":"municipality","name":"Thirunakkara","type":"boundary","ward":"21","wikidata":"Q101580842","id":"relation/12847698"},"geometry":{"type":"Polygon","coordinates":[[[76.5164387,9.5885103],[76.5174767,9.5881401],[76.5182304,9.588796],[76.5187025,9.5909752],[76.5189814,9.5919485],[76.5194535,9.5926467],[76.5202045,9.5929852],[76.5209094,9.593151],[76.5209663,9.5934295],[76.5199149,9.593895],[76.5182304,9.5944133],[76.5166533,9.5953443],[76.515634,9.596053],[76.5151513,9.5963915],[76.5151942,9.5945191],[76.5148294,9.5939902],[76.5139711,9.5927842],[76.5140569,9.5914513],[76.5146792,9.5913032],[76.5153015,9.591155],[76.5157092,9.5908694],[76.5161061,9.5898433],[76.5164387,9.5885103]]]}},{"type":"Feature","id":"relation/12847715","properties":{"admin_level":"10","boundary":"local_authority","local_authority:IN":"municipality","name":"Gandhi Nagar South","type":"boundary","ward":"52","wikidata":"Q101580876","id":"relation/12847715"},"geometry":{"type":"Polygon","coordinates":[[[76.516648,9.6345833],[76.516825,9.6341317],[76.5167722,9.6327856],[76.5169628,9.6322817],[76.5185308,9.6310668],[76.5179729,9.6297128],[76.5176296,9.6265395],[76.5202153,9.6266876],[76.5218997,9.6268145],[76.5243995,9.626952],[76.5268135,9.6273646],[76.5286267,9.6273857],[76.5295172,9.6272747],[76.5294582,9.6266506],[76.5291899,9.6261534],[76.5285301,9.6256563],[76.5280312,9.6252173],[76.5281063,9.6242864],[76.5284818,9.6243287],[76.528852,9.6242018],[76.5294689,9.623985],[76.5302306,9.6239003],[76.5303862,9.6237522],[76.5306544,9.6228161],[76.5307993,9.6224882],[76.5310407,9.6224988],[76.5313035,9.6226945],[76.5319472,9.6231176],[76.5326339,9.6234772],[76.5345436,9.6219434],[76.5348118,9.6226469],[76.5354931,9.6237311],[76.53633,9.6252649],[76.5370703,9.6267722],[76.5359116,9.6266929],[76.536743,9.6280944],[76.5355253,9.6284541],[76.5343183,9.628745],[76.5329665,9.62902],[76.5305471,9.6290358],[76.5285462,9.6290464],[76.5272427,9.6290358],[76.5264165,9.629607],[76.5240991,9.6311831],[76.5195133,9.6310288],[76.516648,9.6345833]]]}},{"type":"Feature","id":"relation/12847716","properties":{"admin_level":"10","boundary":"local_authority","local_authority:IN":"municipality","name":"Thuthutty","type":"boundary","ward":"51","wikidata":"Q101580875","id":"relation/12847716"},"geometry":{"type":"Polygon","coordinates":[[[76.5176296,9.6265395],[76.5173488,9.6260678],[76.5154864,9.6250623],[76.5153805,9.6249938],[76.5154378,9.624191],[76.5155804,9.622192],[76.5153337,9.6208169],[76.5150654,9.6193571],[76.5157306,9.6186167],[76.5157769,9.6184909],[76.5165246,9.61758],[76.516603,9.6173697],[76.5169966,9.6173156],[76.5179944,9.6170352],[76.5193677,9.616866],[76.5204781,9.6167338],[76.5219426,9.6164799],[76.5229189,9.6162525],[76.5242493,9.6162736],[76.5252471,9.6161255],[76.5259713,9.6174637],[76.5265131,9.618458],[76.5267277,9.6195581],[76.5267384,9.6199178],[76.5266633,9.6205948],[76.5265238,9.6209015],[76.5259552,9.621166],[76.5250969,9.6215362],[76.5250325,9.6220862],[76.5249789,9.6226786],[76.5249038,9.6228055],[76.524657,9.6231229],[76.5243137,9.6232498],[76.5238523,9.6233873],[76.5235948,9.6236095],[76.5235627,9.6238527],[76.5236485,9.6241595],[76.5238523,9.6244028],[76.5243351,9.6246355],[76.5249574,9.6249634],[76.5252685,9.625175],[76.5256762,9.6254817],[76.5258586,9.6260212],[76.5255368,9.6263279],[76.5249574,9.6263491],[76.5243781,9.6266559],[76.5243995,9.626952],[76.5218997,9.6268145],[76.5202153,9.6266876],[76.5176296,9.6265395]]]}},{"type":"Feature","id":"relation/12847717","properties":{"admin_level":"10","boundary":"local_authority","local_authority:IN":"municipality","name":"Varissery","type":"boundary","ward":"50","wikidata":"Q101580874","id":"relation/12847717"},"geometry":{"type":"Polygon","coordinates":[[[76.5106789,9.609652],[76.5108061,9.6090328],[76.5107739,9.6084193],[76.5105057,9.6078693],[76.5102321,9.6075016],[76.5101489,9.6067849],[76.5094114,9.6067214],[76.5085262,9.6064412],[76.5082204,9.6051294],[76.5079844,9.6045899],[76.5080058,9.6040504],[76.5085503,9.6041536],[76.5089124,9.6045952],[76.5092826,9.6050395],[76.5098351,9.6054018],[76.5105727,9.6055526],[76.510967,9.6055843],[76.5114498,9.6053384],[76.512512,9.6046534],[76.5136787,9.6037384],[76.5147436,9.6030428],[76.5160686,9.6022574],[76.5162027,9.6029979],[76.516369,9.6042197],[76.516369,9.6053463],[76.5160954,9.6069331],[76.5164012,9.6075043],[76.5170664,9.6087155],[76.5174687,9.6095671],[76.5176403,9.6102282],[76.5177637,9.61145],[76.5178281,9.6123386],[76.5163529,9.6125078],[76.5145612,9.6127352],[76.5151566,9.6136767],[76.5162831,9.6150519],[76.5179944,9.6170352],[76.5169966,9.6173156],[76.516603,9.6173697],[76.5169054,9.6165592],[76.5162027,9.6161361],[76.5155267,9.6153745],[76.5144646,9.614322],[76.5136116,9.6136132],[76.513323,9.6130441],[76.5129303,9.6122698],[76.512014,9.6120683],[76.5110957,9.6122011],[76.5104198,9.6120952],[76.5100122,9.6118572],[76.5101516,9.6111908],[76.5106344,9.6098686],[76.5106789,9.609652]]]}},{"type":"Feature","id":"relation/12847718","properties":{"admin_level":"10","boundary":"local_authority","local_authority:IN":"municipality","name":"Pazhaya Seminary","type":"boundary","ward":"49","wikidata":"Q101580873","id":"relation/12847718"},"geometry":{"type":"Polygon","coordinates":[[[76.5173829,9.6010356],[76.5166265,9.6014323],[76.5147436,9.6023473],[76.5136975,9.6030296],[76.5128446,9.6037807],[76.5119863,9.604299],[76.5112889,9.6047275],[76.5106666,9.6049337],[76.5102857,9.6049443],[76.5096956,9.6048068],[76.5091968,9.6041668],[76.5088749,9.603548],[76.5090251,9.6028286],[76.5091968,9.6023632],[76.5092222,9.602301],[76.5094891,9.6021027],[76.5098391,9.6018554],[76.5101704,9.6017364],[76.510908,9.6014323],[76.5113211,9.6012326],[76.5117086,9.6009522],[76.511946,9.6007883],[76.5121579,9.6003995],[76.5121981,9.6001932],[76.5122424,9.5998455],[76.5122277,9.5996312],[76.5121914,9.5993218],[76.51206,9.599015],[76.5118092,9.5988815],[76.5115142,9.5988273],[76.5112835,9.5988273],[76.5108868,9.5989014],[76.5113747,9.5984861],[76.5119326,9.5980207],[76.512351,9.5974812],[76.512512,9.5971532],[76.5124047,9.596656],[76.5121472,9.5955558],[76.5128338,9.5955347],[76.5139818,9.5957357],[76.5145397,9.5959896],[76.5151513,9.5963915],[76.515634,9.596053],[76.5166533,9.5953443],[76.5182304,9.5944133],[76.5199149,9.593895],[76.5209663,9.5934295],[76.521213,9.5943816],[76.5213954,9.5951327],[76.5213847,9.595778],[76.5209877,9.5965925],[76.5200758,9.5975446],[76.5190136,9.5985179],[76.5170288,9.5998402],[76.5173829,9.6010356]]]}},{"type":"Feature","id":"relation/12847719","properties":{"admin_level":"10","boundary":"local_authority","local_authority:IN":"municipality","name":"Thazhathangady","type":"boundary","ward":"48","wikidata":"Q101580871","id":"relation/12847719"},"geometry":{"type":"Polygon","coordinates":[[[76.5014945,9.5936951],[76.5013808,9.5935035],[76.5001255,9.5920172],[76.4998174,9.5916863],[76.500957,9.5908165],[76.5017724,9.59015],[76.5022498,9.5914301],[76.5028399,9.5923822],[76.5032959,9.5930487],[76.5041864,9.5934665],[76.5046424,9.5935882],[76.5054738,9.5935353],[76.5063697,9.5934877],[76.5064394,9.5939849],[76.5064931,9.5948682],[76.5067077,9.5951538],[76.5076142,9.5956563],[76.5086818,9.596217],[76.5098083,9.596291],[76.5112406,9.5959419],[76.5121472,9.5955558],[76.5124047,9.596656],[76.512512,9.5971532],[76.512351,9.5974812],[76.5119326,9.5980207],[76.5113747,9.5984861],[76.5108868,9.5989014],[76.5106961,9.598937],[76.5102924,9.5990309],[76.5097359,9.5991261],[76.509351,9.5992081],[76.5088212,9.5992861],[76.5085477,9.5993126],[76.5082768,9.5993179],[76.5077189,9.5993456],[76.5069196,9.5994131],[76.5064783,9.5994289],[76.5058561,9.5994474],[76.5054873,9.5994316],[76.5053236,9.5994699],[76.5050366,9.599261],[76.5045404,9.5989066],[76.5038753,9.5980735],[76.5037506,9.5978821],[76.5029311,9.5966243],[76.5023196,9.5950851],[76.5014945,9.5936951]]]}},{"type":"Feature","id":"relation/12847720","properties":{"admin_level":"10","boundary":"local_authority","local_authority:IN":"municipality","name":"Illikkal","type":"boundary","ward":"47","wikidata":"Q101580870","id":"relation/12847720"},"geometry":{"type":"Polygon","coordinates":[[[76.4910542,9.5881442],[76.4910865,9.5875794],[76.4909899,9.587262],[76.4905071,9.5872726],[76.4896488,9.5875371],[76.4890265,9.5875794],[76.4885867,9.5874101],[76.4883399,9.5871351],[76.4883506,9.5867119],[76.4887011,9.5853469],[76.4903891,9.5855694],[76.4909577,9.5855482],[76.4915049,9.5856434],[76.492095,9.5858127],[76.4925992,9.5862147],[76.4928138,9.5867331],[76.4929318,9.5871985],[76.4932001,9.5878227],[76.4936399,9.5882247],[76.4942944,9.5884468],[76.4960325,9.5882353],[76.497277,9.5872408],[76.4976525,9.5871033],[76.4997554,9.5858338],[76.5004957,9.5854318],[76.5009785,9.5879391],[76.5017724,9.59015],[76.500957,9.5908165],[76.4998174,9.5916863],[76.4989239,9.5907266],[76.4979315,9.5905362],[76.4968586,9.5913455],[76.4958823,9.5919696],[76.4952385,9.5923399],[76.4944124,9.5923399],[76.4937365,9.5919167],[76.4931275,9.5914953],[76.4926207,9.5911445],[76.4915371,9.5902664],[76.490947,9.5896211],[76.4910436,9.5883305],[76.4910542,9.5881442]]]}},{"type":"Feature","id":"relation/12847721","properties":{"admin_level":"10","boundary":"local_authority","local_authority:IN":"municipality","name":"Panampady","type":"boundary","ward":"46","wikidata":"Q101580869","id":"relation/12847721"},"geometry":{"type":"Polygon","coordinates":[[[76.4875998,9.5819702],[76.487782,9.5812425],[76.4880824,9.5803856],[76.4889836,9.5805125],[76.4894986,9.5805549],[76.4900243,9.5803221],[76.4903355,9.5798672],[76.4902282,9.5794335],[76.4897776,9.5792007],[76.4892197,9.5789468],[76.4888227,9.5786612],[76.4889514,9.5783121],[76.4899921,9.5781957],[76.4898324,9.5775167],[76.4926958,9.5784179],[76.4949059,9.5780899],[76.4966118,9.577106],[76.4978886,9.5775927],[76.4988005,9.5779418],[76.4990151,9.5793065],[76.4988971,9.5802586],[76.4988112,9.5810098],[76.4981031,9.5811685],[76.4972985,9.5813166],[76.4969015,9.5815916],[76.4965796,9.5824274],[76.4968371,9.5841941],[76.497277,9.5872408],[76.4960325,9.5882353],[76.4942944,9.5884468],[76.4936399,9.5882247],[76.4932001,9.5878227],[76.4929318,9.5871985],[76.4928138,9.5867331],[76.4925992,9.5862147],[76.492095,9.5858127],[76.4915049,9.5856434],[76.4909577,9.5855482],[76.4903891,9.5855694],[76.4887011,9.5853469],[76.4889836,9.584247],[76.4886403,9.5834112],[76.4880824,9.5828611],[76.4876962,9.5824274],[76.4875674,9.5820994],[76.4875998,9.5819702]]]}},{"type":"Feature","id":"relation/12847722","properties":{"admin_level":"10","boundary":"local_authority","local_authority:IN":"municipality","name":"Kanjiram","type":"boundary","ward":"45","wikidata":"Q101580868","id":"relation/12847722"},"geometry":{"type":"Polygon","coordinates":[[[76.4882106,9.5686096],[76.488018,9.5675316],[76.4893591,9.5650666],[76.4902711,9.5635748],[76.490947,9.5625063],[76.4914191,9.5615435],[76.4925778,9.5599777],[76.4937472,9.5591948],[76.4947665,9.5589409],[76.4962041,9.5589515],[76.4971697,9.5588668],[76.4988756,9.5588351],[76.4998841,9.5576395],[76.5004487,9.557215],[76.5005386,9.558158],[76.5005278,9.5596709],[76.5013003,9.5608664],[76.5019333,9.5613002],[76.5049159,9.5604432],[76.5075338,9.5597026],[76.5091216,9.5603057],[76.5103125,9.5612367],[76.5123618,9.5628342],[76.5134346,9.5642202],[76.5136385,9.5652358],[76.5141535,9.565786],[76.514926,9.5663837],[76.5157199,9.5668069],[76.5165138,9.5669709],[76.5170503,9.5671243],[76.5172863,9.567447],[76.5173829,9.5677802],[76.5173024,9.5681346],[76.5172005,9.5684097],[76.5171093,9.5687007],[76.5168679,9.569346],[76.5164924,9.5703352],[76.5156233,9.5719962],[76.5152961,9.5730541],[76.5150547,9.5739904],[76.5149528,9.5743448],[76.5156448,9.5754239],[76.5132522,9.5748738],[76.5110314,9.5748526],[76.5036714,9.5731811],[76.500721,9.5722818],[76.5014827,9.5739957],[76.5003776,9.5773705],[76.4988005,9.5779418],[76.4978886,9.5775927],[76.4966118,9.577106],[76.4949059,9.5780899],[76.4926958,9.5784179],[76.4898324,9.5775167],[76.489681,9.5768733],[76.4889943,9.5754662],[76.4886939,9.5747151],[76.4887047,9.5736148],[76.488415,9.5697533],[76.4882106,9.5686096]]]}},{"type":"Feature","id":"relation/12847723","properties":{"admin_level":"10","boundary":"local_authority","local_authority:IN":"municipality","name":"Kodimatha South","type":"boundary","ward":"44","wikidata":"Q101580867","id":"relation/12847723"},"geometry":{"type":"Polygon","coordinates":[[[76.5206015,9.5657648],[76.5209126,9.5669709],[76.5221143,9.5704939],[76.5224254,9.572176],[76.5232086,9.5760164],[76.5233159,9.5774763],[76.5229618,9.578365],[76.5212989,9.5775927],[76.5195072,9.5764924],[76.5186596,9.5761645],[76.5169537,9.5761433],[76.5156448,9.5754239],[76.5149528,9.5743448],[76.5150547,9.5739904],[76.5152961,9.5730541],[76.5156233,9.5719962],[76.5164924,9.5703352],[76.5168679,9.569346],[76.5171093,9.5687007],[76.5172005,9.5684097],[76.5173024,9.5681346],[76.5173829,9.5677802],[76.5172863,9.567447],[76.5170503,9.5671243],[76.5165138,9.5669709],[76.5157199,9.5668069],[76.514926,9.5663837],[76.5141535,9.565786],[76.5136385,9.5652358],[76.5134346,9.5642202],[76.5176082,9.5639663],[76.5178442,9.5643154],[76.5192819,9.5658706],[76.5206015,9.5657648]]]}},{"type":"Feature","id":"relation/12847724","properties":{"admin_level":"10","boundary":"local_authority","local_authority:IN":"municipality","name":"Thuramukham","type":"boundary","ward":"43","wikidata":"Q101580866","id":"relation/12847724"},"geometry":{"type":"Polygon","coordinates":[[[76.5144539,9.5539895],[76.5170395,9.5553014],[76.5173721,9.5556082],[76.518681,9.5575337],[76.5193033,9.5584542],[76.5198934,9.5597661],[76.5193033,9.5604644],[76.5179193,9.5613319],[76.5172541,9.5618821],[76.5171146,9.5627073],[76.5176082,9.5639663],[76.5134346,9.5642202],[76.5123618,9.5628342],[76.5103125,9.5612367],[76.5091216,9.5603057],[76.5075338,9.5597026],[76.5049159,9.5604432],[76.5019333,9.5613002],[76.5013003,9.5608664],[76.5005278,9.5596709],[76.5005386,9.558158],[76.5004487,9.557215],[76.501826,9.5561795],[76.5018904,9.5550792],[76.5018368,9.5541905],[76.5019011,9.5535557],[76.5045297,9.5540529],[76.5058064,9.5541905],[76.5072334,9.5541905],[76.5111816,9.5543174],[76.5124047,9.554328],[76.5134561,9.5542222],[76.5144539,9.5539895]]]}},{"type":"Feature","id":"relation/12847725","properties":{"admin_level":"10","boundary":"local_authority","local_authority:IN":"municipality","name":"Mariyappally","type":"boundary","ward":"42","wikidata":"Q101580864","id":"relation/12847725"},"geometry":{"type":"Polygon","coordinates":[[[76.5019011,9.5535557],[76.5030384,9.5529738],[76.5057635,9.5517782],[76.5069008,9.5506673],[76.5073514,9.5497574],[76.5072012,9.5490274],[76.5139389,9.5483185],[76.5142661,9.5516407],[76.5144539,9.5539895],[76.5134561,9.5542222],[76.5124047,9.554328],[76.5111816,9.5543174],[76.5072334,9.5541905],[76.5058064,9.5541905],[76.5045297,9.5540529],[76.5019011,9.5535557]]]}},{"type":"Feature","id":"relation/12847726","properties":{"admin_level":"10","boundary":"local_authority","local_authority:IN":"municipality","name":"Kannadikkadavu","type":"boundary","ward":"41","wikidata":"Q101580863","id":"relation/12847726"},"geometry":{"type":"Polygon","coordinates":[[[76.5072012,9.5490274],[76.5069222,9.5481704],[76.5059888,9.5453137],[76.5050125,9.5396109],[76.5049152,9.538037],[76.5073825,9.5381049],[76.512512,9.538246],[76.5149259,9.5381931],[76.5174794,9.5381402],[76.5176511,9.5393676],[76.5168893,9.5411133],[76.5163851,9.5413884],[76.5162071,9.5414075],[76.5153015,9.5415048],[76.5148723,9.5460438],[76.5147972,9.5478212],[76.5139389,9.5483185],[76.5072012,9.5490274]]]}},{"type":"Feature","id":"relation/12847727","properties":{"admin_level":"10","boundary":"local_authority","local_authority:IN":"municipality","name":"Pallam","type":"boundary","ward":"40","wikidata":"Q101580862","id":"relation/12847727"},"geometry":{"type":"Polygon","coordinates":[[[76.5149259,9.5381931],[76.512512,9.538246],[76.5073825,9.5381049],[76.5071905,9.5358654],[76.5073085,9.5344688],[76.5079737,9.5343524],[76.508553,9.5341937],[76.5091324,9.5338551],[76.5093899,9.5333684],[76.5095615,9.5324902],[76.510334,9.5324584],[76.5107632,9.5322468],[76.5116966,9.5315802],[76.5121901,9.5313051],[76.5132737,9.5311358],[76.5147757,9.5308925],[76.5152907,9.5310618],[76.5146577,9.5323315],[76.5146148,9.5331885],[76.5145719,9.5352517],[76.5149259,9.5381931]]]}},{"type":"Feature","id":"way/732364252","properties":{"id":"way/732364252"},"geometry":{"type":"LineString","coordinates":[[76.5211057,9.5124974],[76.5199095,9.5138782],[76.5187024,9.5151057],[76.5155804,9.5157088],[76.5131664,9.5160897],[76.5126728,9.5179943],[76.5109508,9.518017]]}},{"type":"Feature","id":"way/834294766","properties":{"id":"way/834294766"},"geometry":{"type":"LineString","coordinates":[[76.4848962,9.5083435],[76.4897668,9.5090214],[76.4928915,9.5073615]]}},{"type":"Feature","id":"way/835026178","properties":{"id":"way/835026178"},"geometry":{"type":"LineString","coordinates":[[76.5258264,9.6370959],[76.5273714,9.6362709],[76.5296459,9.6377094],[76.5311693,9.6381537],[76.5319419,9.6386402],[76.532371,9.6381537],[76.5333581,9.6373286],[76.5343236,9.6364824],[76.5352035,9.6355094],[76.5360403,9.634367],[76.5368342,9.6334996],[76.5379071,9.6333727],[76.5384181,9.6332012]]}},{"type":"Feature","id":"way/835026749","properties":{"id":"way/835026749"},"geometry":{"type":"LineString","coordinates":[[76.5472062,9.6278818],[76.5481532,9.6280204],[76.5490008,9.6280521],[76.550138,9.6282425],[76.5509748,9.6285916],[76.5518975,9.628856],[76.5526914,9.6282214],[76.5522838,9.6269944],[76.5527773,9.6261693],[76.5546334,9.6260423],[76.5565431,9.6258731]]}},{"type":"Feature","id":"way/835035215","properties":{"id":"way/835035215"},"geometry":{"type":"LineString","coordinates":[[76.5257406,9.5312523],[76.5262449,9.5298767],[76.5262127,9.528406],[76.5261805,9.5274802],[76.5263199,9.5263639],[76.527028,9.525528],[76.5286588,9.5256232],[76.5300107,9.5255598],[76.5312874,9.5271575],[76.532135,9.5275912],[76.5325215,9.527523]]}},{"type":"Feature","id":"way/835035945","properties":{"id":"way/835035945"},"geometry":{"type":"LineString","coordinates":[[76.5474202,9.583793],[76.5475953,9.5829775],[76.5486574,9.5819619],[76.5496981,9.5808828],[76.5507388,9.5796027],[76.5513932,9.5785766],[76.5521442,9.5775397]]}},{"type":"Feature","id":"way/835037511","properties":{"id":"way/835037511"},"geometry":{"type":"LineString","coordinates":[[76.516648,9.6345833],[76.516825,9.6341317],[76.5167722,9.6327856],[76.5169628,9.6322817],[76.5185308,9.6310668],[76.5179729,9.6297128],[76.5176296,9.6265395]]}},{"type":"Feature","id":"way/835038656","properties":{"id":"way/835038656"},"geometry":{"type":"LineString","coordinates":[[76.4882106,9.5686096],[76.488018,9.5675316],[76.4893591,9.5650666],[76.4902711,9.5635748],[76.490947,9.5625063],[76.4914191,9.5615435],[76.4925778,9.5599777],[76.4937472,9.5591948],[76.4947665,9.5589409],[76.4962041,9.5589515],[76.4971697,9.5588668],[76.4988756,9.5588351],[76.4998841,9.5576395],[76.5004487,9.557215]]}},{"type":"Feature","id":"way/835038657","properties":{"id":"way/835038657"},"geometry":{"type":"LineString","coordinates":[[76.5106789,9.609652],[76.5108061,9.6090328],[76.5107739,9.6084193],[76.5105057,9.6078693],[76.5102321,9.6075016],[76.5101489,9.6067849],[76.5094114,9.6067214],[76.5085262,9.6064412],[76.5082204,9.6051294],[76.5079844,9.6045899],[76.5080058,9.6040504]]}},{"type":"Feature","id":"way/954144648","properties":{"id":"way/954144648"},"geometry":{"type":"LineString","coordinates":[[76.5153805,9.6249938],[76.5154378,9.624191]]}},{"type":"Feature","id":"way/954144651","properties":{"id":"way/954144651"},"geometry":{"type":"LineString","coordinates":[[76.5258264,9.6370959],[76.5247584,9.6367982]]}},{"type":"Feature","id":"way/954144678","properties":{"id":"way/954144678"},"geometry":{"type":"LineString","coordinates":[[76.5154378,9.624191],[76.5155804,9.622192],[76.5153337,9.6208169],[76.5150654,9.6193571],[76.5157306,9.6186167],[76.5157769,9.6184909]]}},{"type":"Feature","id":"way/954249469","properties":{"id":"way/954249469"},"geometry":{"type":"LineString","coordinates":[[76.513323,9.6130441],[76.5129303,9.6122698],[76.512014,9.6120683],[76.5110957,9.6122011],[76.5104198,9.6120952],[76.5100122,9.6118572],[76.5101516,9.6111908],[76.5106344,9.6098686],[76.5106789,9.609652]]}},{"type":"Feature","id":"way/954249481","properties":{"id":"way/954249481"},"geometry":{"type":"LineString","coordinates":[[76.516603,9.6173697],[76.5169054,9.6165592],[76.5162027,9.6161361],[76.5155267,9.6153745],[76.5144646,9.614322],[76.5136116,9.6136132],[76.513323,9.6130441]]}},{"type":"Feature","id":"way/954290982","properties":{"id":"way/954290982"},"geometry":{"type":"LineString","coordinates":[[76.4875998,9.5819702],[76.487782,9.5812425],[76.4880824,9.5803856],[76.4889836,9.5805125],[76.4894986,9.5805549],[76.4900243,9.5803221],[76.4903355,9.5798672],[76.4902282,9.5794335],[76.4897776,9.5792007],[76.4892197,9.5789468],[76.4888227,9.5786612],[76.4889514,9.5783121],[76.4899921,9.5781957],[76.4898324,9.5775167]]}},{"type":"Feature","id":"way/954291005","properties":{"id":"way/954291005"},"geometry":{"type":"LineString","coordinates":[[76.4910542,9.5881442],[76.4910865,9.5875794],[76.4909899,9.587262],[76.4905071,9.5872726],[76.4896488,9.5875371],[76.4890265,9.5875794],[76.4885867,9.5874101],[76.4883399,9.5871351],[76.4883506,9.5867119],[76.4887011,9.5853469]]}},{"type":"Feature","id":"way/954291008","properties":{"id":"way/954291008"},"geometry":{"type":"LineString","coordinates":[[76.4931275,9.5914953],[76.4926207,9.5911445],[76.4915371,9.5902664],[76.490947,9.5896211],[76.4910436,9.5883305],[76.4910542,9.5881442]]}},{"type":"Feature","id":"way/954291016","properties":{"id":"way/954291016"},"geometry":{"type":"LineString","coordinates":[[76.5037506,9.5978821],[76.5029311,9.5966243],[76.5023196,9.5950851],[76.5014945,9.5936951]]}},{"type":"Feature","id":"way/954291019","properties":{"id":"way/954291019"},"geometry":{"type":"LineString","coordinates":[[76.5053236,9.5994699],[76.5050366,9.599261],[76.5045404,9.5989066],[76.5038753,9.5980735],[76.5037506,9.5978821]]}},{"type":"Feature","id":"way/954291025","properties":{"id":"way/954291025"},"geometry":{"type":"LineString","coordinates":[[76.4998174,9.5916863],[76.4989239,9.5907266],[76.4979315,9.5905362],[76.4968586,9.5913455],[76.4958823,9.5919696],[76.4952385,9.5923399],[76.4944124,9.5923399],[76.4937365,9.5919167],[76.4931275,9.5914953]]}},{"type":"Feature","id":"way/954308876","properties":{"id":"way/954308876"},"geometry":{"type":"LineString","coordinates":[[76.5094542,9.5180367],[76.5070938,9.5181636],[76.5034032,9.518079],[76.5020084,9.5172536],[76.5015793,9.5160791],[76.5001631,9.5160897],[76.4992833,9.516513],[76.4977169,9.5169997],[76.496365,9.5162379],[76.4952707,9.5147882],[76.495732,9.5128518],[76.4957213,9.5111271]]}},{"type":"Feature","id":"way/954308877","properties":{"id":"way/954308877"},"geometry":{"type":"LineString","coordinates":[[76.525687,9.5185604],[76.5235895,9.5186027],[76.5199041,9.5190683],[76.5165299,9.5190736],[76.513719,9.519264],[76.5124476,9.5193117],[76.5109508,9.518017]]}},{"type":"Feature","id":"way/954308878","properties":{"id":"way/954308878"},"geometry":{"type":"LineString","coordinates":[[76.5253437,9.5190418],[76.525687,9.5185604]]}},{"type":"Feature","id":"way/954308879","properties":{"id":"way/954308879"},"geometry":{"type":"LineString","coordinates":[[76.5347457,9.5144088],[76.5347743,9.5140476],[76.535005,9.5130688],[76.5352249,9.5118996],[76.5357935,9.5100108]]}},{"type":"Feature","id":"way/954308880","properties":{"id":"way/954308880"},"geometry":{"type":"LineString","coordinates":[[76.525687,9.5185604],[76.5260464,9.5179784],[76.5261054,9.515841],[76.5266901,9.514693],[76.5273607,9.5134074],[76.5288252,9.5137195],[76.5304506,9.5139258],[76.5330201,9.5140898],[76.5347457,9.5144088]]}},{"type":"Feature","id":"way/954308881","properties":{"id":"way/954308881"},"geometry":{"type":"LineString","coordinates":[[76.5253437,9.5190418],[76.5281331,9.5200259],[76.5318131,9.5211686],[76.5338194,9.5217718]]}},{"type":"Feature","id":"way/954308882","properties":{"id":"way/954308882"},"geometry":{"type":"LineString","coordinates":[[76.5338194,9.5217718],[76.5349566,9.519391],[76.5344846,9.5167563],[76.5345115,9.516222],[76.5346885,9.5151321],[76.5347457,9.5144088]]}},{"type":"Feature","id":"way/954308883","properties":{"id":"way/954308883"},"geometry":{"type":"LineString","coordinates":[[76.5199739,9.5272315],[76.5220445,9.5259248],[76.523627,9.5250254],[76.5247536,9.5233166],[76.5250915,9.521539],[76.5253437,9.5190418]]}},{"type":"Feature","id":"way/954308884","properties":{"id":"way/954308884"},"geometry":{"type":"LineString","coordinates":[[76.5199739,9.5272315],[76.5203762,9.5274855],[76.5215778,9.5286705],[76.5231228,9.5296969],[76.5242664,9.5303891],[76.524421,9.5304587],[76.5252578,9.5309348],[76.5257406,9.5312523]]}},{"type":"Feature","id":"way/954308885","properties":{"id":"way/954308885"},"geometry":{"type":"LineString","coordinates":[[76.5223856,9.544161],[76.5224039,9.5432506],[76.5225541,9.5416001],[76.522738,9.5412058],[76.5234232,9.5407695],[76.5240026,9.5404044],[76.5238416,9.5389443],[76.523627,9.538299],[76.5247214,9.5370293],[76.5246892,9.5357279],[76.5247695,9.5351335]]}},{"type":"Feature","id":"way/954308886","properties":{"id":"way/954308886"},"geometry":{"type":"LineString","coordinates":[[76.5147757,9.5308925],[76.5159345,9.5299614],[76.5165353,9.5289139],[76.5171039,9.5275595],[76.5182304,9.5266496],[76.5190244,9.5267554],[76.5194428,9.5268824],[76.5199739,9.5272315]]}},{"type":"Feature","id":"way/954308887","properties":{"id":"way/954308887"},"geometry":{"type":"LineString","coordinates":[[76.5149259,9.5381931],[76.5145719,9.5352517],[76.5146148,9.5331885],[76.5146577,9.5323315],[76.5152907,9.5310618]]}},{"type":"Feature","id":"way/954308889","properties":{"id":"way/954308889"},"geometry":{"type":"LineString","coordinates":[[76.5095615,9.5324902],[76.5090787,9.5314427],[76.5080058,9.5312522],[76.5062356,9.5315591],[76.5051412,9.5316966],[76.5032208,9.5297709],[76.5017831,9.5285118],[76.499809,9.5274643],[76.495496,9.5273373],[76.4865482,9.5274855],[76.4836407,9.527295],[76.4838016,9.5225865],[76.4841771,9.520629],[76.4846384,9.5130211],[76.4848962,9.5083435]]}},{"type":"Feature","id":"way/954308890","properties":{"id":"way/954308890"},"geometry":{"type":"LineString","coordinates":[[76.5095615,9.5324902],[76.5093899,9.5333684],[76.5091324,9.5338551],[76.508553,9.5341937],[76.5079737,9.5343524],[76.5073085,9.5344688],[76.5071905,9.5358654],[76.5073825,9.5381049]]}},{"type":"Feature","id":"way/954308891","properties":{"id":"way/954308891"},"geometry":{"type":"LineString","coordinates":[[76.5073825,9.5381049],[76.5049152,9.538037]]}},{"type":"Feature","id":"way/954308892","properties":{"id":"way/954308892"},"geometry":{"type":"LineString","coordinates":[[76.5147757,9.5308925],[76.5132737,9.5311358],[76.5121901,9.5313051],[76.5116966,9.5315802],[76.5107632,9.5322468],[76.510334,9.5324584],[76.5095615,9.5324902]]}},{"type":"Feature","id":"way/954308893","properties":{"id":"way/954308893"},"geometry":{"type":"LineString","coordinates":[[76.5149259,9.5381931],[76.512512,9.538246],[76.5073825,9.5381049]]}},{"type":"Feature","id":"way/954308894","properties":{"id":"way/954308894"},"geometry":{"type":"LineString","coordinates":[[76.5072012,9.5490274],[76.5069222,9.5481704],[76.5059888,9.5453137],[76.5050125,9.5396109],[76.5049152,9.538037]]}},{"type":"Feature","id":"way/954308895","properties":{"id":"way/954308895"},"geometry":{"type":"LineString","coordinates":[[76.5147972,9.5478212],[76.5148723,9.5460438],[76.5153015,9.5415048],[76.5162071,9.5414075],[76.5163851,9.5413884],[76.5168893,9.5411133],[76.5176511,9.5393676],[76.5174794,9.5381402],[76.5149259,9.5381931]]}},{"type":"Feature","id":"way/954308896","properties":{"id":"way/954308896"},"geometry":{"type":"LineString","coordinates":[[76.5147972,9.5478212],[76.5139389,9.5483185]]}},{"type":"Feature","id":"way/954308897","properties":{"id":"way/954308897"},"geometry":{"type":"LineString","coordinates":[[76.5139389,9.5483185],[76.5072012,9.5490274]]}},{"type":"Feature","id":"way/954308898","properties":{"id":"way/954308898"},"geometry":{"type":"LineString","coordinates":[[76.5228492,9.5455624],[76.5192926,9.5449434],[76.517635,9.5462342],[76.5169698,9.5469272],[76.5147972,9.5478212]]}},{"type":"Feature","id":"way/954308899","properties":{"id":"way/954308899"},"geometry":{"type":"LineString","coordinates":[[76.5283954,9.5564825],[76.5282833,9.5562747],[76.5278863,9.5547724],[76.527425,9.5533652],[76.5273018,9.5531027]]}},{"type":"Feature","id":"way/954308900","properties":{"id":"way/954308900"},"geometry":{"type":"LineString","coordinates":[[76.5019011,9.5535557],[76.5030384,9.5529738],[76.5057635,9.5517782],[76.5069008,9.5506673],[76.5073514,9.5497574],[76.5072012,9.5490274]]}},{"type":"Feature","id":"way/954308901","properties":{"id":"way/954308901"},"geometry":{"type":"LineString","coordinates":[[76.5144539,9.5539895],[76.5142661,9.5516407],[76.5139389,9.5483185]]}},{"type":"Feature","id":"way/954308902","properties":{"id":"way/954308902"},"geometry":{"type":"LineString","coordinates":[[76.5198934,9.5597661],[76.5193033,9.5584542],[76.518681,9.5575337],[76.5173721,9.5556082],[76.5170395,9.5553014]]}},{"type":"Feature","id":"way/954308904","properties":{"id":"way/954308904"},"geometry":{"type":"LineString","coordinates":[[76.5144539,9.5539895],[76.5134561,9.5542222],[76.5124047,9.554328],[76.5111816,9.5543174],[76.5072334,9.5541905],[76.5058064,9.5541905],[76.5045297,9.5540529],[76.5019011,9.5535557]]}},{"type":"Feature","id":"way/954308905","properties":{"id":"way/954308905"},"geometry":{"type":"LineString","coordinates":[[76.5198934,9.5597661],[76.521492,9.5588351],[76.5222108,9.5582003],[76.5228653,9.5578088],[76.5246034,9.5575972],[76.5249896,9.5569836],[76.5260947,9.5575549],[76.5266204,9.5577771],[76.5283954,9.5564825]]}},{"type":"Feature","id":"way/954308906","properties":{"id":"way/954308906"},"geometry":{"type":"LineString","coordinates":[[76.5312114,9.5596905],[76.5310943,9.5595439],[76.5307402,9.5585389],[76.5305042,9.557957],[76.5302467,9.5573221],[76.5294742,9.5572904],[76.5288197,9.5572693],[76.5283954,9.5564825]]}},{"type":"Feature","id":"way/954308907","properties":{"id":"way/954308907"},"geometry":{"type":"LineString","coordinates":[[76.5176082,9.5639663],[76.5171146,9.5627073],[76.5172541,9.5618821],[76.5179193,9.5613319],[76.5193033,9.5604644],[76.5198934,9.5597661]]}},{"type":"Feature","id":"way/954308908","properties":{"id":"way/954308908"},"geometry":{"type":"LineString","coordinates":[[76.5229618,9.578365],[76.5233159,9.5774763],[76.5232086,9.5760164],[76.5224254,9.572176],[76.5221143,9.5704939],[76.5209126,9.5669709],[76.5206015,9.5657648]]}},{"type":"Feature","id":"way/954308909","properties":{"id":"way/954308909"},"geometry":{"type":"LineString","coordinates":[[76.5284764,9.5819513],[76.5281653,9.5809145],[76.5280258,9.5803432],[76.5287661,9.5788728],[76.5291524,9.5776667],[76.5297961,9.5771378],[76.5311587,9.5760269],[76.5320492,9.5759317],[76.5318668,9.5726944],[76.5340984,9.572578],[76.5340233,9.5693301],[76.5343344,9.5691186],[76.5345811,9.5681875],[76.5363729,9.5677432]]}},{"type":"Feature","id":"way/954308910","properties":{"id":"way/954308910"},"geometry":{"type":"LineString","coordinates":[[76.5206015,9.5657648],[76.5216637,9.5655532],[76.5236378,9.5634055],[76.5247214,9.5636489],[76.5252578,9.5635748],[76.5266418,9.5627284],[76.5272534,9.5617657],[76.5275645,9.5613637],[76.5277469,9.5610992],[76.5286052,9.5613002],[76.5290451,9.5609299],[76.5295279,9.5605807],[76.5296996,9.5601364],[76.5301072,9.5599036],[76.5312114,9.5596905]]}},{"type":"Feature","id":"way/954308911","properties":{"id":"way/954308911"},"geometry":{"type":"LineString","coordinates":[[76.5229618,9.578365],[76.5248501,9.579973],[76.5273714,9.5820359],[76.5284764,9.5819513]]}},{"type":"Feature","id":"way/954308912","properties":{"id":"way/954308912"},"geometry":{"type":"LineString","coordinates":[[76.513735,9.5857915],[76.5128875,9.5868177],[76.5122867,9.587865],[76.5121901,9.5887007],[76.5121579,9.5894413],[76.5119219,9.5899385],[76.5115678,9.5907742],[76.5114498,9.5917475],[76.5118146,9.5931016],[76.5119433,9.5938844],[76.5121472,9.5955558]]}},{"type":"Feature","id":"way/954308913","properties":{"id":"way/954308913"},"geometry":{"type":"LineString","coordinates":[[76.5164387,9.5885103],[76.5161061,9.587664],[76.5150761,9.5867754],[76.513735,9.5857915]]}},{"type":"Feature","id":"way/954308914","properties":{"id":"way/954308914"},"geometry":{"type":"LineString","coordinates":[[76.5156448,9.5754239],[76.5157843,9.5774446],[76.5160632,9.5789151],[76.5159666,9.5798566],[76.5154624,9.5807876],[76.5145504,9.5815176],[76.5142286,9.5822369],[76.5144002,9.5840142],[76.5140355,9.5851145],[76.513735,9.5857915]]}},{"type":"Feature","id":"way/954308915","properties":{"id":"way/954308915"},"geometry":{"type":"LineString","coordinates":[[76.5110314,9.5748526],[76.5132522,9.5748738],[76.5156448,9.5754239]]}},{"type":"Feature","id":"way/954308916","properties":{"id":"way/954308916"},"geometry":{"type":"LineString","coordinates":[[76.4988005,9.5779418],[76.5003776,9.5773705],[76.5014827,9.5739957]]}},{"type":"Feature","id":"way/954308917","properties":{"id":"way/954308917"},"geometry":{"type":"LineString","coordinates":[[76.503768,9.5811685],[76.5033388,9.5803962],[76.5022552,9.5791796],[76.5023625,9.5779735],[76.5033603,9.575773],[76.5014827,9.5739957]]}},{"type":"Feature","id":"way/954308918","properties":{"id":"way/954308918"},"geometry":{"type":"LineString","coordinates":[[76.503768,9.5811685],[76.5029096,9.5812531]]}},{"type":"Feature","id":"way/954308919","properties":{"id":"way/954308919"},"geometry":{"type":"LineString","coordinates":[[76.5014827,9.5739957],[76.500721,9.5722818],[76.5036714,9.5731811],[76.5110314,9.5748526]]}},{"type":"Feature","id":"way/954308920","properties":{"id":"way/954308920"},"geometry":{"type":"LineString","coordinates":[[76.5070188,9.584046],[76.5069866,9.5832843],[76.5078342,9.5823216],[76.5087139,9.5818244],[76.5084457,9.5797085],[76.5096259,9.5786506],[76.5102374,9.5771907],[76.5110314,9.5748526]]}},{"type":"Feature","id":"way/954308921","properties":{"id":"way/954308921"},"geometry":{"type":"LineString","coordinates":[[76.5070188,9.584046],[76.5060747,9.5834641],[76.5059352,9.5822687],[76.5058601,9.5816445],[76.5057421,9.5812002],[76.5053129,9.5809463],[76.5042937,9.5810415],[76.503768,9.5811685]]}},{"type":"Feature","id":"way/954308922","properties":{"id":"way/954308922"},"geometry":{"type":"LineString","coordinates":[[76.5063697,9.5934877],[76.5073943,9.5934401],[76.5084565,9.593292],[76.5093577,9.5926149],[76.5096366,9.5916734],[76.5094972,9.590679],[76.5091109,9.5899279],[76.5089178,9.5895471],[76.5084779,9.5886902],[76.5080058,9.5879602],[76.5076518,9.5875371],[76.5073943,9.5872303],[76.5069115,9.5871139],[76.506536,9.58613],[76.5067077,9.5854213],[76.5070188,9.584046]]}},{"type":"Feature","id":"way/954308923","properties":{"id":"way/954308923"},"geometry":{"type":"LineString","coordinates":[[76.5063697,9.5934877],[76.5054738,9.5935353],[76.5046424,9.5935882],[76.5041864,9.5934665],[76.5032959,9.5930487],[76.5028399,9.5923822],[76.5022498,9.5914301],[76.5017724,9.59015]]}},{"type":"Feature","id":"way/954308924","properties":{"id":"way/954308924"},"geometry":{"type":"LineString","coordinates":[[76.5029096,9.5812531],[76.50262,9.5829352],[76.5025234,9.5842576],[76.50262,9.5852626],[76.5031242,9.5866802],[76.5045512,9.589674],[76.5056133,9.5918109],[76.5063697,9.5934877]]}},{"type":"Feature","id":"way/954308925","properties":{"id":"way/954308925"},"geometry":{"type":"LineString","coordinates":[[76.5029096,9.5812531],[76.50056,9.5820148],[76.5004957,9.5854318]]}},{"type":"Feature","id":"way/954308926","properties":{"id":"way/954308926"},"geometry":{"type":"LineString","coordinates":[[76.5017724,9.59015],[76.5009785,9.5879391],[76.5004957,9.5854318]]}},{"type":"Feature","id":"way/954308927","properties":{"id":"way/954308927"},"geometry":{"type":"LineString","coordinates":[[76.513735,9.5857915],[76.512748,9.5849135],[76.5114927,9.5838238],[76.5109455,9.5836545],[76.5101945,9.5837603],[76.5092289,9.5842258],[76.5086281,9.5845643],[76.5080917,9.584649],[76.5073728,9.5842152],[76.5070188,9.584046]]}},{"type":"Feature","id":"way/954308928","properties":{"id":"way/954308928"},"geometry":{"type":"LineString","coordinates":[[76.5174767,9.5881401],[76.5164387,9.5885103]]}},{"type":"Feature","id":"way/954308929","properties":{"id":"way/954308929"},"geometry":{"type":"LineString","coordinates":[[76.5151513,9.5963915],[76.5145397,9.5959896],[76.5139818,9.5957357],[76.5128338,9.5955347],[76.5121472,9.5955558]]}},{"type":"Feature","id":"way/954308930","properties":{"id":"way/954308930"},"geometry":{"type":"LineString","coordinates":[[76.5164387,9.5885103],[76.5161061,9.5898433],[76.5157092,9.5908694],[76.5153015,9.591155],[76.5146792,9.5913032],[76.5140569,9.5914513],[76.5139711,9.5927842],[76.5148294,9.5939902],[76.5151942,9.5945191],[76.5151513,9.5963915]]}},{"type":"Feature","id":"way/954308931","properties":{"id":"way/954308931"},"geometry":{"type":"LineString","coordinates":[[76.5174767,9.5881401],[76.5182304,9.588796],[76.5187025,9.5909752],[76.5189814,9.5919485],[76.5194535,9.5926467],[76.5202045,9.5929852],[76.5209094,9.593151]]}},{"type":"Feature","id":"way/954308932","properties":{"id":"way/954308932"},"geometry":{"type":"LineString","coordinates":[[76.5209663,9.5934295],[76.5209094,9.593151]]}},{"type":"Feature","id":"way/954308933","properties":{"id":"way/954308933"},"geometry":{"type":"LineString","coordinates":[[76.5288627,9.5853366],[76.5254617,9.5852837],[76.5241742,9.583316],[76.5228653,9.5840777],[76.522479,9.5841835],[76.5214491,9.5842258],[76.5218568,9.584924],[76.5211487,9.585051],[76.5209341,9.5857704],[76.5201401,9.5861935],[76.5189814,9.5858762],[76.5183162,9.5861935],[76.5178227,9.5871033],[76.5174767,9.5881401]]}},{"type":"Feature","id":"way/954308934","properties":{"id":"way/954308934"},"geometry":{"type":"LineString","coordinates":[[76.5284764,9.5819513],[76.5288412,9.5823004],[76.5288305,9.5837286],[76.5288627,9.5853366]]}},{"type":"Feature","id":"way/954308935","properties":{"id":"way/954308935"},"geometry":{"type":"LineString","coordinates":[[76.535933,9.581835],[76.5343987,9.5818772],[76.5308476,9.5819302],[76.5294099,9.5819619],[76.5284764,9.5819513]]}},{"type":"Feature","id":"way/954308936","properties":{"id":"way/954308936"},"geometry":{"type":"LineString","coordinates":[[76.5376603,9.5876534],[76.5380358,9.5864686],[76.5380144,9.5849029],[76.5378213,9.5832526],[76.535933,9.581835]]}},{"type":"Feature","id":"way/954308937","properties":{"id":"way/954308937"},"geometry":{"type":"LineString","coordinates":[[76.5376603,9.5876534],[76.5402889,9.5874313],[76.5436041,9.5872303]]}},{"type":"Feature","id":"way/954308938","properties":{"id":"way/954308938"},"geometry":{"type":"LineString","coordinates":[[76.5426432,9.5699262],[76.5421454,9.5699881]]}},{"type":"Feature","id":"way/954308939","properties":{"id":"way/954308939"},"geometry":{"type":"LineString","coordinates":[[76.5424347,9.5827448],[76.5419626,9.581581],[76.5427136,9.5792325],[76.5418768,9.5769897],[76.5427995,9.5758894],[76.5414476,9.5734773],[76.5421557,9.5724828],[76.5421454,9.5699881]]}},{"type":"Feature","id":"way/954308940","properties":{"id":"way/954308940"},"geometry":{"type":"LineString","coordinates":[[76.5436041,9.5872303],[76.5434217,9.5853895],[76.5424347,9.5827448]]}},{"type":"Feature","id":"way/954308941","properties":{"id":"way/954308941"},"geometry":{"type":"LineString","coordinates":[[76.5510323,9.5757469],[76.550256,9.5752017],[76.549505,9.5743872],[76.5490436,9.5732445],[76.5488076,9.5722501],[76.5483785,9.5717846],[76.5484643,9.5704093]]}},{"type":"Feature","id":"way/954308942","properties":{"id":"way/954308942"},"geometry":{"type":"LineString","coordinates":[[76.5424347,9.5827448],[76.5438938,9.583443],[76.5458894,9.583316],[76.5471124,9.5829775],[76.5469837,9.5817926],[76.5468764,9.5805866],[76.5469622,9.5800576],[76.5480995,9.5796345],[76.5487861,9.5795287],[76.5494728,9.5793171],[76.5501165,9.5784708],[76.5502667,9.5769473],[76.5502882,9.5763337],[76.5510323,9.5757469]]}},{"type":"Feature","id":"way/954308943","properties":{"id":"way/954308943"},"geometry":{"type":"LineString","coordinates":[[76.5356219,9.5914777],[76.5367806,9.5902876],[76.5372956,9.5891133],[76.5376603,9.5876534]]}},{"type":"Feature","id":"way/954308944","properties":{"id":"way/954308944"},"geometry":{"type":"LineString","coordinates":[[76.5454066,9.5975658],[76.5458357,9.5964973],[76.5464258,9.5954289],[76.5470803,9.5950797]]}},{"type":"Feature","id":"way/954308945","properties":{"id":"way/954308945"},"geometry":{"type":"LineString","coordinates":[[76.5436041,9.5872303],[76.5451813,9.5894624],[76.544323,9.590478],[76.5448916,9.5924986],[76.5451383,9.5936517],[76.5456855,9.5942652],[76.5470803,9.5950797]]}},{"type":"Feature","id":"way/954308946","properties":{"id":"way/954308946"},"geometry":{"type":"LineString","coordinates":[[76.5307295,9.5892403],[76.5310943,9.5901818],[76.532886,9.5903828],[76.5356219,9.5914777]]}},{"type":"Feature","id":"way/954308947","properties":{"id":"way/954308947"},"geometry":{"type":"LineString","coordinates":[[76.5288627,9.5853366],[76.5311479,9.5862253],[76.5316844,9.5875476],[76.5316522,9.5886373],[76.5316629,9.5890604],[76.5307295,9.5892403]]}},{"type":"Feature","id":"way/954308948","properties":{"id":"way/954308948"},"geometry":{"type":"LineString","coordinates":[[76.5411365,9.5701184],[76.539731,9.5705044],[76.5393126,9.5712979],[76.5389263,9.5724299],[76.5387118,9.5734985],[76.5382933,9.5748103],[76.5378642,9.5758048],[76.5373385,9.5777937],[76.5367377,9.5792641],[76.5361368,9.5809992],[76.535933,9.581835]]}},{"type":"Feature","id":"way/954308949","properties":{"id":"way/954308949"},"geometry":{"type":"LineString","coordinates":[[76.5156448,9.5754239],[76.5169537,9.5761433],[76.5186596,9.5761645],[76.5195072,9.5764924],[76.5212989,9.5775927],[76.5229618,9.578365]]}},{"type":"Feature","id":"way/954308950","properties":{"id":"way/954308950"},"geometry":{"type":"LineString","coordinates":[[76.4988005,9.5779418],[76.4978886,9.5775927],[76.4966118,9.577106],[76.4949059,9.5780899],[76.4926958,9.5784179],[76.4898324,9.5775167]]}},{"type":"Feature","id":"way/954308951","properties":{"id":"way/954308951"},"geometry":{"type":"LineString","coordinates":[[76.4898324,9.5775167],[76.489681,9.5768733],[76.4889943,9.5754662],[76.4886939,9.5747151],[76.4887047,9.5736148],[76.488415,9.5697533],[76.4882106,9.5686096]]}},{"type":"Feature","id":"way/954308952","properties":{"id":"way/954308952"},"geometry":{"type":"LineString","coordinates":[[76.497277,9.5872408],[76.4968371,9.5841941],[76.4965796,9.5824274],[76.4969015,9.5815916],[76.4972985,9.5813166],[76.4981031,9.5811685],[76.4988112,9.5810098],[76.4988971,9.5802586],[76.4990151,9.5793065],[76.4988005,9.5779418]]}},{"type":"Feature","id":"way/954308953","properties":{"id":"way/954308953"},"geometry":{"type":"LineString","coordinates":[[76.5004957,9.5854318],[76.4997554,9.5858338],[76.4976525,9.5871033],[76.497277,9.5872408]]}},{"type":"Feature","id":"way/954308954","properties":{"id":"way/954308954"},"geometry":{"type":"LineString","coordinates":[[76.4887011,9.5853469],[76.4889836,9.584247],[76.4886403,9.5834112],[76.4880824,9.5828611],[76.4876962,9.5824274],[76.4875674,9.5820994],[76.4875998,9.5819702]]}},{"type":"Feature","id":"way/954308955","properties":{"id":"way/954308955"},"geometry":{"type":"LineString","coordinates":[[76.497277,9.5872408],[76.4960325,9.5882353],[76.4942944,9.5884468],[76.4936399,9.5882247],[76.4932001,9.5878227],[76.4929318,9.5871985],[76.4928138,9.5867331],[76.4925992,9.5862147],[76.492095,9.5858127],[76.4915049,9.5856434],[76.4909577,9.5855482],[76.4903891,9.5855694],[76.4887011,9.5853469]]}},{"type":"Feature","id":"way/954308956","properties":{"id":"way/954308956"},"geometry":{"type":"LineString","coordinates":[[76.5017724,9.59015],[76.500957,9.5908165],[76.4998174,9.5916863]]}},{"type":"Feature","id":"way/954308957","properties":{"id":"way/954308957"},"geometry":{"type":"LineString","coordinates":[[76.5014945,9.5936951],[76.5013808,9.5935035],[76.5001255,9.5920172],[76.4998174,9.5916863]]}},{"type":"Feature","id":"way/954308958","properties":{"id":"way/954308958"},"geometry":{"type":"LineString","coordinates":[[76.5121472,9.5955558],[76.5112406,9.5959419],[76.5098083,9.596291],[76.5086818,9.596217],[76.5076142,9.5956563],[76.5067077,9.5951538],[76.5064931,9.5948682],[76.5064394,9.5939849],[76.5063697,9.5934877]]}},{"type":"Feature","id":"way/954308959","properties":{"id":"way/954308959"},"geometry":{"type":"LineString","coordinates":[[76.5121472,9.5955558],[76.5124047,9.596656],[76.512512,9.5971532],[76.512351,9.5974812],[76.5119326,9.5980207],[76.5113747,9.5984861],[76.5108868,9.5989014]]}},{"type":"Feature","id":"way/954308960","properties":{"id":"way/954308960"},"geometry":{"type":"LineString","coordinates":[[76.5108868,9.5989014],[76.5106961,9.598937],[76.5102924,9.5990309],[76.5097359,9.5991261],[76.509351,9.5992081],[76.5088212,9.5992861],[76.5085477,9.5993126],[76.5082768,9.5993179],[76.5077189,9.5993456],[76.5069196,9.5994131],[76.5064783,9.5994289],[76.5058561,9.5994474],[76.5054873,9.5994316],[76.5053236,9.5994699]]}},{"type":"Feature","id":"way/954308961","properties":{"id":"way/954308961"},"geometry":{"type":"LineString","coordinates":[[76.5209663,9.5934295],[76.5199149,9.593895],[76.5182304,9.5944133],[76.5166533,9.5953443],[76.515634,9.596053],[76.5151513,9.5963915]]}},{"type":"Feature","id":"way/954308962","properties":{"id":"way/954308962"},"geometry":{"type":"LineString","coordinates":[[76.5173829,9.6010356],[76.5170288,9.5998402],[76.5190136,9.5985179],[76.5200758,9.5975446],[76.5209877,9.5965925],[76.5213847,9.595778],[76.5213954,9.5951327],[76.521213,9.5943816],[76.5209663,9.5934295]]}},{"type":"Feature","id":"way/954308963","properties":{"id":"way/954308963"},"geometry":{"type":"LineString","coordinates":[[76.5454066,9.5975658],[76.5447897,9.5972537],[76.543749,9.5964074],[76.5429068,9.5958044],[76.5422469,9.5950639],[76.5417963,9.5944927],[76.5420645,9.5924192],[76.5421557,9.5919273],[76.5418071,9.5911815],[76.5414691,9.5908853],[76.5410668,9.5906949],[76.540423,9.5911815],[76.5398598,9.5916893],[76.5393072,9.5923293],[76.5379608,9.5920437],[76.5366518,9.5917792],[76.5356219,9.5914777]]}},{"type":"Feature","id":"way/954308964","properties":{"id":"way/954308964"},"geometry":{"type":"LineString","coordinates":[[76.5209094,9.593151],[76.5206873,9.5920648],[76.522243,9.5908271],[76.5237343,9.5898644],[76.5240884,9.5897163],[76.5263092,9.5894836],[76.5298176,9.589272],[76.5307295,9.5892403]]}},{"type":"Feature","id":"way/954308965","properties":{"id":"way/954308965"},"geometry":{"type":"LineString","coordinates":[[76.5268403,9.5977932],[76.5269262,9.5984068],[76.5266687,9.5989198],[76.5261537,9.5998666],[76.5256333,9.6011678],[76.5251827,9.6020723],[76.5245336,9.6024848],[76.5234446,9.6030137],[76.5225166,9.602982],[76.5216637,9.6027969],[76.520682,9.6023737],[76.5195715,9.6018131],[76.5184128,9.6012418],[76.5177637,9.6009985],[76.5173829,9.6010356]]}},{"type":"Feature","id":"way/954308966","properties":{"id":"way/954308966"},"geometry":{"type":"LineString","coordinates":[[76.5173829,9.6010356],[76.5166265,9.6014323],[76.5147436,9.6023473],[76.5136975,9.6030296],[76.5128446,9.6037807],[76.5119863,9.604299],[76.5112889,9.6047275],[76.5106666,9.6049337],[76.5102857,9.6049443],[76.5096956,9.6048068],[76.5091968,9.6041668],[76.5088749,9.603548],[76.5090251,9.6028286],[76.5091968,9.6023632],[76.5092222,9.602301],[76.5094891,9.6021027],[76.5098391,9.6018554],[76.5101704,9.6017364],[76.510908,9.6014323],[76.5113211,9.6012326],[76.5117086,9.6009522],[76.511946,9.6007883],[76.5121579,9.6003995],[76.5121981,9.6001932],[76.5122424,9.5998455],[76.5122277,9.5996312],[76.5121914,9.5993218],[76.51206,9.599015],[76.5118092,9.5988815],[76.5115142,9.5988273],[76.5112835,9.5988273],[76.5108868,9.5989014]]}},{"type":"Feature","id":"way/954308967","properties":{"id":"way/954308967"},"geometry":{"type":"LineString","coordinates":[[76.5368557,9.6047698],[76.5371776,9.6030667],[76.5374672,9.6021992],[76.5388405,9.6018183],[76.5403962,9.6017972],[76.5411902,9.6006865],[76.5418983,9.6001152],[76.5425956,9.5990467],[76.5433574,9.5986871],[76.5448915,9.5981053],[76.5454066,9.5975658]]}},{"type":"Feature","id":"way/954308968","properties":{"id":"way/954308968"},"geometry":{"type":"LineString","coordinates":[[76.5160686,9.6022574],[76.5147436,9.6030428],[76.5136787,9.6037384],[76.512512,9.6046534],[76.5114498,9.6053384],[76.510967,9.6055843],[76.5105727,9.6055526],[76.5098351,9.6054018],[76.5092826,9.6050395],[76.5089124,9.6045952],[76.5085503,9.6041536],[76.5080058,9.6040504]]}},{"type":"Feature","id":"way/954308969","properties":{"id":"way/954308969"},"geometry":{"type":"LineString","coordinates":[[76.5160686,9.6022574],[76.5167499,9.6019294],[76.5173078,9.6016068],[76.5178227,9.6014957],[76.5181929,9.6015856],[76.5186864,9.6018713],[76.5193784,9.6023737],[76.5202544,9.6027684]]}},{"type":"Feature","id":"way/954308970","properties":{"id":"way/954308970"},"geometry":{"type":"LineString","coordinates":[[76.5178281,9.6123386],[76.5177637,9.61145],[76.5176403,9.6102282],[76.5174687,9.6095671],[76.5170664,9.6087155],[76.5164012,9.6075043],[76.5160954,9.6069331],[76.516369,9.6053463],[76.516369,9.6042197],[76.5162027,9.6029979],[76.5160686,9.6022574]]}},{"type":"Feature","id":"way/954308971","properties":{"id":"way/954308971"},"geometry":{"type":"LineString","coordinates":[[76.5233695,9.6082553],[76.5225327,9.6068431],[76.5210092,9.6046746],[76.5202544,9.6027684]]}},{"type":"Feature","id":"way/954308972","properties":{"id":"way/954308972"},"geometry":{"type":"LineString","coordinates":[[76.5233749,9.6098156],[76.5233695,9.6082553]]}},{"type":"Feature","id":"way/954308973","properties":{"id":"way/954308973"},"geometry":{"type":"LineString","coordinates":[[76.5328431,9.6053939],[76.5335297,9.6040293],[76.533956,9.6042745]]}},{"type":"Feature","id":"way/954308974","properties":{"id":"way/954308974"},"geometry":{"type":"LineString","coordinates":[[76.5202544,9.6027684],[76.520623,9.6029344],[76.5215778,9.6033311],[76.5225327,9.6035004],[76.5237343,9.6035427],[76.5243995,9.6030878],[76.5253436,9.6025589],[76.5260947,9.6018818],[76.5265882,9.6005278],[76.5273607,9.5992266],[76.5280795,9.5982217],[76.5290666,9.5977033],[76.530354,9.5975764],[76.5315771,9.5973965],[76.5323818,9.5977985],[76.5329718,9.5988352],[76.5328967,9.6001258],[76.5330362,9.6016068],[76.5332615,9.6024637],[76.5337443,9.6033946],[76.533956,9.6042745]]}},{"type":"Feature","id":"way/954308975","properties":{"id":"way/954308975"},"geometry":{"type":"LineString","coordinates":[[76.5178281,9.6123386],[76.5163529,9.6125078],[76.5145612,9.6127352],[76.5151566,9.6136767],[76.5162831,9.6150519],[76.5179944,9.6170352]]}},{"type":"Feature","id":"way/954308976","properties":{"id":"way/954308976"},"geometry":{"type":"LineString","coordinates":[[76.5157769,9.6184909],[76.5165246,9.61758],[76.516603,9.6173697]]}},{"type":"Feature","id":"way/954308977","properties":{"id":"way/954308977"},"geometry":{"type":"LineString","coordinates":[[76.5179944,9.6170352],[76.5169966,9.6173156],[76.516603,9.6173697]]}},{"type":"Feature","id":"way/954308978","properties":{"id":"way/954308978"},"geometry":{"type":"LineString","coordinates":[[76.5179944,9.6170352],[76.5193677,9.616866],[76.5204781,9.6167338],[76.5219426,9.6164799],[76.5229189,9.6162525],[76.5242493,9.6162736],[76.5252471,9.6161255]]}},{"type":"Feature","id":"way/954308979","properties":{"id":"way/954308979"},"geometry":{"type":"LineString","coordinates":[[76.5265131,9.618458],[76.5259713,9.6174637],[76.5252471,9.6161255]]}},{"type":"Feature","id":"way/954308980","properties":{"id":"way/954308980"},"geometry":{"type":"LineString","coordinates":[[76.5233749,9.6098156],[76.5220714,9.6103287],[76.5215671,9.6095935],[76.5209341,9.6087948],[76.5201133,9.6080755],[76.5197861,9.6088001],[76.520167,9.6099426],[76.5211433,9.6119313],[76.519475,9.6121482],[76.5178281,9.6123386]]}},{"type":"Feature","id":"way/954308981","properties":{"id":"way/954308981"},"geometry":{"type":"LineString","coordinates":[[76.5252471,9.6161255],[76.5246677,9.6142321],[76.5242439,9.6128675],[76.5237611,9.6111432],[76.5233749,9.6098156]]}},{"type":"Feature","id":"way/954308982","properties":{"id":"way/954308982"},"geometry":{"type":"LineString","coordinates":[[76.5328431,9.6053939],[76.5298712,9.6056372]]}},{"type":"Feature","id":"way/954308983","properties":{"id":"way/954308983"},"geometry":{"type":"LineString","coordinates":[[76.5233695,9.6082553],[76.5246141,9.6072716],[76.5258533,9.6070706],[76.5271997,9.6067744],[76.5284496,9.6062825],[76.5293187,9.6058382],[76.5298712,9.6056372]]}},{"type":"Feature","id":"way/954308984","properties":{"id":"way/954308984"},"geometry":{"type":"LineString","coordinates":[[76.5265131,9.618458],[76.5289236,9.6181416]]}},{"type":"Feature","id":"way/954308985","properties":{"id":"way/954308985"},"geometry":{"type":"LineString","coordinates":[[76.5289236,9.6181416],[76.5289485,9.6182676],[76.5291095,9.6191138],[76.5290236,9.6201187],[76.5286052,9.6217372],[76.5286052,9.6224247],[76.5294689,9.623985]]}},{"type":"Feature","id":"way/954308986","properties":{"id":"way/954308986"},"geometry":{"type":"LineString","coordinates":[[76.5243995,9.626952],[76.5243781,9.6266559],[76.5249574,9.6263491],[76.5255368,9.6263279],[76.5258586,9.6260212],[76.5256762,9.6254817],[76.5252685,9.625175],[76.5249574,9.6249634],[76.5243351,9.6246355],[76.5238523,9.6244028],[76.5236485,9.6241595],[76.5235627,9.6238527],[76.5235948,9.6236095],[76.5238523,9.6233873],[76.5243137,9.6232498],[76.524657,9.6231229],[76.5249038,9.6228055],[76.5249789,9.6226786],[76.5250325,9.6220862],[76.5250969,9.6215362],[76.5259552,9.621166],[76.5265238,9.6209015],[76.5266633,9.6205948],[76.5267384,9.6199178],[76.5267277,9.6195581],[76.5265131,9.618458]]}},{"type":"Feature","id":"way/954308987","properties":{"id":"way/954308987"},"geometry":{"type":"LineString","coordinates":[[76.5243995,9.626952],[76.5218997,9.6268145],[76.5202153,9.6266876],[76.5176296,9.6265395]]}},{"type":"Feature","id":"way/954308988","properties":{"id":"way/954308988"},"geometry":{"type":"LineString","coordinates":[[76.5176296,9.6265395],[76.5173488,9.6260678],[76.5154864,9.6250623],[76.5153805,9.6249938]]}},{"type":"Feature","id":"way/954308989","properties":{"id":"way/954308989"},"geometry":{"type":"LineString","coordinates":[[76.5294689,9.623985],[76.528852,9.6242018],[76.5284818,9.6243287],[76.5281063,9.6242864],[76.5280312,9.6252173],[76.5285301,9.6256563],[76.5291899,9.6261534],[76.5294582,9.6266506],[76.5295172,9.6272747],[76.5286267,9.6273857],[76.5268135,9.6273646],[76.5243995,9.626952]]}},{"type":"Feature","id":"way/954308990","properties":{"id":"way/954308990"},"geometry":{"type":"LineString","coordinates":[[76.5294689,9.623985],[76.5302306,9.6239003],[76.5303862,9.6237522],[76.5306544,9.6228161],[76.5307993,9.6224882],[76.5310407,9.6224988],[76.5313035,9.6226945],[76.5319472,9.6231176],[76.5326339,9.6234772],[76.5345436,9.6219434]]}},{"type":"Feature","id":"way/954308991","properties":{"id":"way/954308991"},"geometry":{"type":"LineString","coordinates":[[76.5298712,9.6056372],[76.5303326,9.6069912],[76.5311158,9.6083453],[76.5315556,9.6103446],[76.5318239,9.6114659],[76.531738,9.6127564],[76.5293777,9.6130103],[76.5288412,9.6131901],[76.5288091,9.615348],[76.5288627,9.6178339],[76.5289236,9.6181416]]}},{"type":"Feature","id":"way/954308992","properties":{"id":"way/954308992"},"geometry":{"type":"LineString","coordinates":[[76.533956,9.6042745],[76.534431,9.6045476],[76.5346634,9.6046433]]}},{"type":"Feature","id":"way/954308993","properties":{"id":"way/954308993"},"geometry":{"type":"LineString","coordinates":[[76.5516014,9.6097765],[76.5509963,9.6097416],[76.5486467,9.6100907],[76.5468013,9.6101859],[76.5467227,9.6101694],[76.5458465,9.6099849],[76.5448916,9.60953],[76.5437972,9.6089165],[76.5423167,9.6073086],[76.5410399,9.6056266],[76.5404498,9.6044842],[76.5399563,9.6040504],[76.5393126,9.6039552],[76.5385187,9.6040716],[76.5377676,9.6042726],[76.5368557,9.6047698]]}},{"type":"Feature","id":"way/954308994","properties":{"id":"way/954308994"},"geometry":{"type":"LineString","coordinates":[[76.5372527,9.6148403],[76.5357721,9.6145864],[76.5351176,9.6144066],[76.5346777,9.6136238],[76.5337121,9.6129785],[76.5335941,9.6111908],[76.5334868,9.6096887],[76.5335083,9.6078164],[76.5326071,9.6063354],[76.5328431,9.6053939]]}},{"type":"Feature","id":"way/954308995","properties":{"id":"way/954308995"},"geometry":{"type":"LineString","coordinates":[[76.5483034,9.6168713],[76.5483785,9.6137931],[76.54899,9.6118784]]}},{"type":"Feature","id":"way/954308996","properties":{"id":"way/954308996"},"geometry":{"type":"LineString","coordinates":[[76.5372527,9.6148403],[76.5376925,9.6136238],[76.5387332,9.613719],[76.5390336,9.612566],[76.5399456,9.6127987],[76.5406644,9.611085],[76.5426814,9.6125872],[76.5447628,9.6126824],[76.5466404,9.6119313],[76.5481746,9.6114235],[76.54899,9.6118784]]}},{"type":"Feature","id":"way/954308997","properties":{"id":"way/954308997"},"geometry":{"type":"LineString","coordinates":[[76.5345436,9.6219434],[76.5352893,9.6204784],[76.5369952,9.616152],[76.5372527,9.6148403]]}},{"type":"Feature","id":"way/954308998","properties":{"id":"way/954308998"},"geometry":{"type":"LineString","coordinates":[[76.5422147,9.6204361],[76.5424561,9.61886],[76.5457713,9.6186061],[76.5485501,9.6184368],[76.5483034,9.6168713]]}},{"type":"Feature","id":"way/954308999","properties":{"id":"way/954308999"},"geometry":{"type":"LineString","coordinates":[[76.5372527,9.6148403],[76.5389049,9.6154327],[76.5409112,9.6151365],[76.5423381,9.6165328],[76.545546,9.6162366],[76.5461576,9.6171675],[76.5483034,9.6168713]]}},{"type":"Feature","id":"way/954309000","properties":{"id":"way/954309000"},"geometry":{"type":"LineString","coordinates":[[76.5345436,9.6219434],[76.5360618,9.6222343],[76.5373063,9.6223877],[76.5383899,9.6222713],[76.5405035,9.6213193],[76.5422147,9.6204361]]}},{"type":"Feature","id":"way/954309001","properties":{"id":"way/954309001"},"geometry":{"type":"LineString","coordinates":[[76.5565431,9.6258731],[76.5568649,9.6252173],[76.5572405,9.6241172],[76.5586352,9.6230382],[76.5601373,9.6220439],[76.5608024,9.6210284],[76.5614462,9.6193148],[76.5612745,9.6179291],[76.561017,9.617379],[76.5599656,9.6169348],[76.5584206,9.6166174],[76.5573585,9.6162472],[76.5571225,9.6158875],[76.5569293,9.6150307],[76.5566472,9.6139759]]}},{"type":"Feature","id":"way/954309002","properties":{"id":"way/954309002"},"geometry":{"type":"LineString","coordinates":[[76.54899,9.6118784],[76.5505135,9.6124285],[76.5527451,9.6128199],[76.5537321,9.6129468],[76.5548479,9.6128622],[76.5561569,9.6121429]]}},{"type":"Feature","id":"way/954309003","properties":{"id":"way/954309003"},"geometry":{"type":"LineString","coordinates":[[76.536743,9.6280944],[76.5359116,9.6266929],[76.5370703,9.6267722],[76.53633,9.6252649],[76.5354931,9.6237311],[76.5348118,9.6226469],[76.5345436,9.6219434]]}},{"type":"Feature","id":"way/954309004","properties":{"id":"way/954309004"},"geometry":{"type":"LineString","coordinates":[[76.5425635,9.6303369],[76.5427566,9.63021],[76.5441513,9.6291205],[76.5444302,9.6284329],[76.5435934,9.6275867],[76.5436041,9.6270895],[76.5447736,9.6271213],[76.5464901,9.6277771],[76.5472062,9.6278818]]}},{"type":"Feature","id":"way/954309005","properties":{"id":"way/954309005"},"geometry":{"type":"LineString","coordinates":[[76.5422147,9.6204361],[76.5427834,9.6207587],[76.5442854,9.6205207],[76.5451384,9.6203938],[76.5463775,9.6202087],[76.5479869,9.6199918],[76.5479386,9.6210496],[76.5473539,9.6221867],[76.5465814,9.623509],[76.5464365,9.624461],[76.5470374,9.6261851],[76.5471125,9.6272905],[76.5472062,9.6278818]]}},{"type":"Feature","id":"way/954309006","properties":{"id":"way/954309006"},"geometry":{"type":"LineString","coordinates":[[76.536743,9.6280944],[76.5373278,9.6297657],[76.5384181,9.6332012]]}},{"type":"Feature","id":"way/954309007","properties":{"id":"way/954309007"},"geometry":{"type":"LineString","coordinates":[[76.5384181,9.6332012],[76.5394199,9.632865],[76.5402621,9.632426],[76.5404016,9.6305061],[76.5413994,9.6300354],[76.5425635,9.6303369]]}},{"type":"Feature","id":"way/954309008","properties":{"id":"way/954309008"},"geometry":{"type":"LineString","coordinates":[[76.516648,9.6345833],[76.5195133,9.6310288],[76.5240991,9.6311831],[76.5264165,9.629607],[76.5272427,9.6290358],[76.5285462,9.6290464],[76.5305471,9.6290358],[76.5329665,9.62902],[76.5343183,9.628745],[76.5355253,9.6284541],[76.536743,9.6280944]]}},{"type":"Feature","id":"way/954309009","properties":{"id":"way/954309009"},"geometry":{"type":"LineString","coordinates":[[76.5247584,9.6367982],[76.5234553,9.6360858],[76.5223589,9.6364748],[76.5209064,9.6365243],[76.516648,9.6345833]]}},{"type":"Feature","id":"way/954320534","properties":{"id":"way/954320534"},"geometry":{"type":"LineString","coordinates":[[76.5346634,9.6046433],[76.535536,9.6050025],[76.5368557,9.6047698]]}},{"type":"Feature","id":"way/954320535","properties":{"id":"way/954320535"},"geometry":{"type":"LineString","coordinates":[[76.5268403,9.5977932],[76.5274358,9.5976927],[76.529485,9.5970527],[76.5306705,9.5968676],[76.5315235,9.596857],[76.5326124,9.5970263],[76.5333366,9.5975816],[76.5335458,9.5980841],[76.5335941,9.5996392],[76.5336156,9.6002898],[76.5338838,9.6022309],[76.5344202,9.6034422],[76.534608,9.6039235],[76.534667,9.6043255],[76.5346634,9.6046433]]}},{"type":"Feature","id":"way/954320536","properties":{"id":"way/954320536"},"geometry":{"type":"LineString","coordinates":[[76.5356219,9.5914777],[76.5345061,9.593001],[76.533975,9.5936093],[76.5325373,9.5941065],[76.5301984,9.5948206],[76.5286481,9.595212],[76.5273017,9.5971744],[76.5268403,9.5977932]]}},{"type":"Feature","id":"way/954325846","properties":{"id":"way/954325846"},"geometry":{"type":"LineString","coordinates":[[76.5248823,9.5342994],[76.5259766,9.5330615],[76.5257406,9.5312523]]}},{"type":"Feature","id":"way/954325847","properties":{"id":"way/954325847"},"geometry":{"type":"LineString","coordinates":[[76.5152907,9.5310618],[76.5166104,9.5314427],[76.517356,9.5320193],[76.5176725,9.5326277],[76.517871,9.5349449],[76.5211862,9.5348126],[76.523332,9.5350666],[76.5247695,9.5351335]]}},{"type":"Feature","id":"way/954325848","properties":{"id":"way/954325848"},"geometry":{"type":"LineString","coordinates":[[76.5152907,9.5310618],[76.5147757,9.5308925]]}},{"type":"Feature","id":"way/954325849","properties":{"id":"way/954325849"},"geometry":{"type":"LineString","coordinates":[[76.5240347,9.548583],[76.5238738,9.5470172],[76.523112,9.5459274],[76.5228492,9.5455624]]}},{"type":"Feature","id":"way/954325850","properties":{"id":"way/954325850"},"geometry":{"type":"LineString","coordinates":[[76.5170395,9.5553014],[76.5172326,9.5540106],[76.5173936,9.5531113],[76.5189278,9.5525717],[76.5205479,9.5525188],[76.5236056,9.5523495],[76.5239596,9.5523072],[76.5240347,9.548583]]}},{"type":"Feature","id":"way/954325851","properties":{"id":"way/954325851"},"geometry":{"type":"LineString","coordinates":[[76.5170395,9.5553014],[76.5144539,9.5539895]]}},{"type":"Feature","id":"way/954328264","properties":{"id":"way/954328264"},"geometry":{"type":"LineString","coordinates":[[76.5134346,9.5642202],[76.5136385,9.5652358],[76.5141535,9.565786],[76.514926,9.5663837],[76.5157199,9.5668069],[76.5165138,9.5669709],[76.5170503,9.5671243],[76.5172863,9.567447],[76.5173829,9.5677802],[76.5173024,9.5681346],[76.5172005,9.5684097],[76.5171093,9.5687007],[76.5168679,9.569346],[76.5164924,9.5703352],[76.5156233,9.5719962],[76.5152961,9.5730541],[76.5150547,9.5739904],[76.5149528,9.5743448],[76.5156448,9.5754239]]}},{"type":"Feature","id":"way/954328265","properties":{"id":"way/954328265"},"geometry":{"type":"LineString","coordinates":[[76.5176082,9.5639663],[76.5134346,9.5642202]]}},{"type":"Feature","id":"way/954328266","properties":{"id":"way/954328266"},"geometry":{"type":"LineString","coordinates":[[76.5004487,9.557215],[76.501826,9.5561795],[76.5018904,9.5550792],[76.5018368,9.5541905],[76.5019011,9.5535557]]}},{"type":"Feature","id":"way/954328267","properties":{"id":"way/954328267"},"geometry":{"type":"LineString","coordinates":[[76.5134346,9.5642202],[76.5123618,9.5628342],[76.5103125,9.5612367],[76.5091216,9.5603057],[76.5075338,9.5597026],[76.5049159,9.5604432],[76.5019333,9.5613002],[76.5013003,9.5608664],[76.5005278,9.5596709],[76.5005386,9.558158],[76.5004487,9.557215]]}},{"type":"Feature","id":"way/954328268","properties":{"id":"way/954328268"},"geometry":{"type":"LineString","coordinates":[[76.5206015,9.5657648],[76.5192819,9.5658706],[76.5178442,9.5643154],[76.5176082,9.5639663]]}},{"type":"Feature","id":"way/954374705","properties":{"id":"way/954374705"},"geometry":{"type":"LineString","coordinates":[[76.5484643,9.5704093],[76.5466082,9.5702823],[76.5454173,9.5699014],[76.5439904,9.5699967],[76.5426432,9.5699262]]}},{"type":"Feature","id":"way/954566536","properties":{"id":"way/954566536"},"geometry":{"type":"LineString","coordinates":[[76.5474922,9.5855137],[76.5472841,9.5844269],[76.5474202,9.583793]]}},{"type":"Feature","id":"way/954566539","properties":{"id":"way/954566539"},"geometry":{"type":"LineString","coordinates":[[76.5521442,9.5775397],[76.5522194,9.5768627],[76.5516722,9.5761962],[76.5510323,9.5757469]]}},{"type":"Feature","id":"way/954566545","properties":{"id":"way/954566545"},"geometry":{"type":"LineString","coordinates":[[76.5477146,9.5881301],[76.5476811,9.5865003],[76.5474922,9.5855137]]}},{"type":"Feature","id":"way/954566548","properties":{"id":"way/954566548"},"geometry":{"type":"LineString","coordinates":[[76.5470803,9.5950797],[76.5484321,9.5949105],[76.5486252,9.5926996],[76.5478849,9.590076],[76.5477239,9.5885844],[76.5477146,9.5881301]]}},{"type":"Feature","id":"way/954566573","properties":{"id":"way/954566573"},"geometry":{"type":"LineString","coordinates":[[76.5561569,9.6121429],[76.5544081,9.6107783],[76.5534854,9.6102388],[76.5526485,9.6098368],[76.5516014,9.6097765]]}},{"type":"Feature","id":"way/954566576","properties":{"id":"way/954566576"},"geometry":{"type":"LineString","coordinates":[[76.5566472,9.6139759],[76.5561569,9.6121429]]}},{"type":"Feature","id":"way/954639380","properties":{"id":"way/954639380"},"geometry":{"type":"LineString","coordinates":[[76.5325215,9.527523],[76.5328539,9.5274644],[76.5336156,9.5269353],[76.5337014,9.5262158],[76.5330791,9.5252529],[76.5329719,9.5242794],[76.5333366,9.5231368],[76.5338194,9.5217718]]}},{"type":"Feature","id":"way/954639383","properties":{"id":"way/954639383"},"geometry":{"type":"LineString","coordinates":[[76.5247695,9.5351335],[76.5248823,9.5342994]]}},{"type":"Feature","id":"way/954639388","properties":{"id":"way/954639388"},"geometry":{"type":"LineString","coordinates":[[76.5228492,9.5455624],[76.5226239,9.5451921],[76.5223717,9.5448482],[76.5223856,9.544161]]}},{"type":"Feature","id":"way/954639394","properties":{"id":"way/954639394"},"geometry":{"type":"LineString","coordinates":[[76.5363729,9.5677432],[76.5342378,9.5648021],[76.5327787,9.562591],[76.5320921,9.5607924],[76.5312114,9.5596905]]}},{"type":"Feature","id":"way/954639405","properties":{"id":"way/954639405"},"geometry":{"type":"LineString","coordinates":[[76.5263414,9.5513656],[76.5253222,9.5499585],[76.5240347,9.548583]]}},{"type":"Feature","id":"way/954639406","properties":{"id":"way/954639406"},"geometry":{"type":"LineString","coordinates":[[76.5273018,9.5531027],[76.5268242,9.5520851],[76.5263414,9.5513656]]}},{"type":"Feature","id":"way/954639408","properties":{"id":"way/954639408"},"geometry":{"type":"LineString","coordinates":[[76.5421454,9.5699881],[76.5411365,9.5701184]]}},{"type":"Feature","id":"way/954651708","properties":{"id":"way/954651708"},"geometry":{"type":"LineString","coordinates":[[76.5357935,9.5100108],[76.5343773,9.5090743]]}},{"type":"Feature","id":"way/954651720","properties":{"id":"way/954651720"},"geometry":{"type":"LineString","coordinates":[[76.5268749,9.5111671],[76.5252042,9.5110054],[76.5238469,9.5107726],[76.5225488,9.5106245],[76.5216851,9.511508],[76.5211057,9.5124974]]}},{"type":"Feature","id":"way/954651723","properties":{"id":"way/954651723"},"geometry":{"type":"LineString","coordinates":[[76.5343773,9.5090743],[76.5327734,9.5090055],[76.5314108,9.5098574],[76.5299892,9.5106457],[76.5287662,9.5110371],[76.5272265,9.5112011],[76.5268749,9.5111671]]}},{"type":"Feature","id":"way/954651725","properties":{"id":"way/954651725"},"geometry":{"type":"LineString","coordinates":[[76.4957213,9.5111271],[76.49423,9.5099314],[76.4935756,9.5085664],[76.4928915,9.5073615]]}},{"type":"Feature","id":"way/954651730","properties":{"id":"way/954651730"},"geometry":{"type":"LineString","coordinates":[[76.5109508,9.518017],[76.5094542,9.5180367]]}},{"type":"Feature","id":"node/8754881558","properties":{"name":"Thazhathangadi","name:en":"Thazhathangadi","name:ml":"താഴത്തങ്ങാടി","place":"quarter","id":"node/8754881558"},"geometry":{"type":"Point","coordinates":[76.502981,9.5937288]}}]}