{"type":"FeatureCollection","features":[{"type":"Feature","geometry":{"type":"Polygon","coordinates":[[[76.534544,9.621943],[76.535289,9.620478],[76.536995,9.616152],[76.537253,9.61484],[76.538905,9.615433],[76.540911,9.615137],[76.542338,9.616533],[76.545546,9.616237],[76.546158,9.617168],[76.548303,9.616871],[76.54855,9.618437],[76.545771,9.618606],[76.542456,9.61886],[76.542215,9.620436],[76.540504,9.621319],[76.53839,9.622271],[76.537306,9.622388],[76.536062,9.622234],[76.534544,9.621943]]]},"properties":{"admin_level":"10","boundary":"local_authority","local_authority:IN":"municipality","name":"Pallippuram","type":"boundary","ward":"4","wikidata":"Q101580825","id":"relation/12847445"},"id":"relation/12847445"},{"type":"Feature","geometry":{"type":"Polygon","coordinates":[[[76.54899,9.611878],[76.550514,9.612429],[76.552745,9.61282],[76.553732,9.612947],[76.554848,9.612862],[76.556157,9.612143],[76.556647,9.613976],[76.556929,9.615031],[76.557123,9.615888],[76.557359,9.616247],[76.558421,9.616617],[76.559966,9.616935],[76.561017,9.617379],[76.561275,9.617929],[76.561446,9.619315],[76.560802,9.621028],[76.560137,9.622044],[76.558635,9.623038],[76.557241,9.624117],[76.556865,9.625217],[76.556543,9.625873],[76.554633,9.626042],[76.552777,9.626169],[76.552284,9.626994],[76.552691,9.628221],[76.551898,9.628856],[76.550975,9.628592],[76.550138,9.628243],[76.549001,9.628052],[76.548153,9.62802],[76.547206,9.627882],[76.547113,9.627291],[76.547037,9.626185],[76.546437,9.624461],[76.546581,9.623509],[76.547354,9.622187],[76.547939,9.62105],[76.547987,9.619992],[76.546378,9.620209],[76.545138,9.620394],[76.544285,9.620521],[76.542783,9.620759],[76.542215,9.620436],[76.542456,9.61886],[76.545771,9.618606],[76.54855,9.618437],[76.548303,9.616871],[76.548379,9.613793],[76.54899,9.611878]]]},"properties":{"admin_level":"10","boundary":"local_authority","local_authority:IN":"municipality","name":"Parampuzha","type":"boundary","ward":"3","wikidata":"Q101580824","id":"relation/12847446"},"id":"relation/12847446"},{"type":"Feature","geometry":{"type":"Polygon","coordinates":[[[76.547206,9.627882],[76.54649,9.627777],[76.544774,9.627121],[76.543604,9.62709],[76.543593,9.627587],[76.54443,9.628433],[76.544151,9.629121],[76.542757,9.63021],[76.542564,9.630337],[76.541399,9.630035],[76.540402,9.630506],[76.540262,9.632426],[76.53942,9.632865],[76.538418,9.633201],[76.537328,9.629766],[76.536743,9.628094],[76.535912,9.626693],[76.53707,9.626772],[76.53633,9.625265],[76.535493,9.623731],[76.534812,9.622647],[76.534544,9.621943],[76.536062,9.622234],[76.537306,9.622388],[76.53839,9.622271],[76.540504,9.621319],[76.542215,9.620436],[76.542783,9.620759],[76.544285,9.620521],[76.545138,9.620394],[76.546378,9.620209],[76.547987,9.619992],[76.547939,9.62105],[76.547354,9.622187],[76.546581,9.623509],[76.546437,9.624461],[76.547037,9.626185],[76.547113,9.627291],[76.547206,9.627882]]]},"properties":{"admin_level":"10","boundary":"local_authority","local_authority:IN":"municipality","name":"Sankranthi","type":"boundary","ward":"2","wikidata":"Q101580823","id":"relation/12847447"},"id":"relation/12847447"},{"type":"Feature","geometry":{"type":"Polygon","coordinates":[[[76.524758,9.636798],[76.523455,9.636086],[76.522359,9.636475],[76.520906,9.636524],[76.516648,9.634583],[76.519513,9.631029],[76.524099,9.631183],[76.526417,9.629607],[76.527243,9.629036],[76.528546,9.629046],[76.530547,9.629036],[76.532967,9.62902],[76.534318,9.628745],[76.535525,9.628454],[76.536743,9.628094],[76.537328,9.629766],[76.538418,9.633201],[76.537907,9.633373],[76.536834,9.6335],[76.53604,9.634367],[76.535204,9.635509],[76.534324,9.636482],[76.533358,9.637329],[76.532371,9.638154],[76.531942,9.63864],[76.531169,9.638154],[76.529646,9.637709],[76.527371,9.636271],[76.525826,9.637096],[76.524758,9.636798]]]},"properties":{"admin_level":"10","boundary":"local_authority","local_authority:IN":"municipality","name":"Gandhi Nagar North","type":"boundary","ward":"1","wikidata":"Q101580822","id":"relation/12847448"},"id":"relation/12847448"},{"type":"Feature","geometry":{"type":"Polygon","coordinates":[[[76.532843,9.605394],[76.529871,9.605637],[76.529319,9.605838],[76.52845,9.606283],[76.5272,9.606774],[76.525853,9.607071],[76.524614,9.607272],[76.52337,9.608255],[76.522533,9.606843],[76.521009,9.604675],[76.520254,9.602768],[76.520623,9.602934],[76.521578,9.603331],[76.522533,9.6035],[76.523734,9.603543],[76.5244,9.603088],[76.525344,9.602559],[76.526095,9.601882],[76.526588,9.600528],[76.527361,9.599227],[76.52808,9.598222],[76.529067,9.597703],[76.530354,9.597576],[76.531577,9.597397],[76.532382,9.597799],[76.532972,9.598835],[76.532897,9.600126],[76.533036,9.601607],[76.533262,9.602464],[76.533744,9.603395],[76.533956,9.604275],[76.53353,9.604029],[76.532843,9.605394]]]},"properties":{"admin_level":"10","boundary":"local_authority","local_authority:IN":"municipality","name":"Nagampadom North","type":"boundary","ward":"12","wikidata":"Q101580833","id":"relation/12847574"},"id":"relation/12847574"},{"type":"Feature","geometry":{"type":"Polygon","coordinates":[[[76.520254,9.602768],[76.521009,9.604675],[76.522533,9.606843],[76.52337,9.608255],[76.523375,9.609816],[76.522071,9.610329],[76.521567,9.609594],[76.520934,9.608795],[76.520113,9.608076],[76.519786,9.6088],[76.520167,9.609943],[76.521143,9.611931],[76.519475,9.612148],[76.517828,9.612339],[76.517764,9.61145],[76.51764,9.610228],[76.517469,9.609567],[76.517066,9.608716],[76.516401,9.607504],[76.516095,9.606933],[76.516369,9.605346],[76.516369,9.60422],[76.516203,9.602998],[76.516069,9.602257],[76.51675,9.601929],[76.517308,9.601607],[76.517823,9.601496],[76.518193,9.601586],[76.518686,9.601871],[76.519378,9.602374],[76.520254,9.602768]]]},"properties":{"admin_level":"10","boundary":"local_authority","local_authority:IN":"municipality","name":"Mallusserry","type":"boundary","ward":"11","wikidata":"Q101580832","id":"relation/12847575"},"id":"relation/12847575"},{"type":"Feature","geometry":{"type":"Polygon","coordinates":[[[76.517994,9.617035],[76.516283,9.615052],[76.515157,9.613677],[76.514561,9.612735],[76.516353,9.612508],[76.517828,9.612339],[76.519475,9.612148],[76.521143,9.611931],[76.520167,9.609943],[76.519786,9.6088],[76.520113,9.608076],[76.520934,9.608795],[76.521567,9.609594],[76.522071,9.610329],[76.523375,9.609816],[76.523761,9.611143],[76.524244,9.612868],[76.524668,9.614232],[76.525247,9.616126],[76.524249,9.616274],[76.522919,9.616253],[76.521943,9.61648],[76.520478,9.616734],[76.519368,9.616866],[76.517994,9.617035]]]},"properties":{"admin_level":"10","boundary":"local_authority","local_authority:IN":"municipality","name":"Pullarikunnu","type":"boundary","ward":"10","wikidata":"Q101580831","id":"relation/12847576"},"id":"relation/12847576"},{"type":"Feature","geometry":{"type":"Polygon","coordinates":[[[76.523375,9.609816],[76.52337,9.608255],[76.524614,9.607272],[76.525853,9.607071],[76.5272,9.606774],[76.52845,9.606283],[76.529319,9.605838],[76.529871,9.605637],[76.530333,9.606991],[76.531116,9.608345],[76.531556,9.610345],[76.531824,9.611466],[76.531738,9.612756],[76.529378,9.61301],[76.528841,9.61319],[76.528809,9.615348],[76.528863,9.617834],[76.528924,9.618142],[76.526513,9.618458],[76.525971,9.617464],[76.525247,9.616126],[76.524668,9.614232],[76.524244,9.612868],[76.523761,9.611143],[76.523375,9.609816]]]},"properties":{"admin_level":"10","boundary":"local_authority","local_authority:IN":"municipality","name":"S H Mount","type":"boundary","ward":"9","wikidata":"Q101580830","id":"relation/12847577"},"id":"relation/12847577"},{"type":"Feature","geometry":{"type":"Polygon","coordinates":[[[76.526513,9.618458],[76.528924,9.618142],[76.528949,9.618268],[76.52911,9.619114],[76.529024,9.620119],[76.528605,9.621737],[76.528605,9.622425],[76.529469,9.623985],[76.528852,9.624202],[76.528482,9.624329],[76.528106,9.624286],[76.528031,9.625217],[76.52853,9.625656],[76.52919,9.626153],[76.529458,9.626651],[76.529517,9.627275],[76.528627,9.627386],[76.526814,9.627365],[76.5244,9.626952],[76.524378,9.626656],[76.524957,9.626349],[76.525537,9.626328],[76.525859,9.626021],[76.525676,9.625482],[76.525269,9.625175],[76.524957,9.624963],[76.524335,9.624636],[76.523852,9.624403],[76.523649,9.62416],[76.523563,9.623853],[76.523595,9.62361],[76.523852,9.623387],[76.524314,9.62325],[76.524657,9.623123],[76.524904,9.622806],[76.524979,9.622679],[76.525033,9.622086],[76.525097,9.621536],[76.525955,9.621166],[76.526524,9.620902],[76.526663,9.620595],[76.526738,9.619918],[76.526728,9.619558],[76.526513,9.618458]]]},"properties":{"admin_level":"10","boundary":"local_authority","local_authority:IN":"municipality","name":"Temple Ward","type":"boundary","ward":"8","wikidata":"Q101580829","id":"relation/12847578"},"id":"relation/12847578"},{"type":"Feature","geometry":{"type":"Polygon","coordinates":[[[76.534544,9.621943],[76.532634,9.623477],[76.531947,9.623118],[76.531304,9.622695],[76.531041,9.622499],[76.530799,9.622488],[76.530654,9.622816],[76.530386,9.623752],[76.530231,9.6239],[76.529469,9.623985],[76.528605,9.622425],[76.528605,9.621737],[76.529024,9.620119],[76.52911,9.619114],[76.528949,9.618268],[76.528924,9.618142],[76.528863,9.617834],[76.528809,9.615348],[76.528841,9.61319],[76.529378,9.61301],[76.531738,9.612756],[76.531824,9.611466],[76.531556,9.610345],[76.531116,9.608345],[76.530333,9.606991],[76.529871,9.605637],[76.532843,9.605394],[76.532607,9.606335],[76.533508,9.607816],[76.533487,9.609689],[76.533594,9.611191],[76.533712,9.612979],[76.534678,9.613624],[76.535118,9.614407],[76.535772,9.614586],[76.537253,9.61484],[76.536995,9.616152],[76.535289,9.620478],[76.534544,9.621943]]]},"properties":{"admin_level":"10","boundary":"local_authority","local_authority:IN":"municipality","name":"Kumaranalloor Town","type":"boundary","ward":"7","wikidata":"Q101580828","id":"relation/12847579"},"id":"relation/12847579"},{"type":"Feature","geometry":{"type":"Polygon","coordinates":[[[76.533956,9.604275],[76.534431,9.604548],[76.534663,9.604643],[76.535536,9.605003],[76.536856,9.60477],[76.537768,9.604273],[76.538519,9.604072],[76.539313,9.603955],[76.539956,9.60405],[76.54045,9.604484],[76.54104,9.605627],[76.542317,9.607309],[76.543797,9.608917],[76.544892,9.60953],[76.545847,9.609985],[76.546723,9.610169],[76.546801,9.610186],[76.548647,9.610091],[76.550996,9.609742],[76.551601,9.609777],[76.552649,9.609837],[76.553485,9.610239],[76.554408,9.610778],[76.556157,9.612143],[76.554848,9.612862],[76.553732,9.612947],[76.552745,9.61282],[76.550514,9.612429],[76.54899,9.611878],[76.548175,9.611424],[76.54664,9.611931],[76.544763,9.612682],[76.542681,9.612587],[76.540664,9.611085],[76.539946,9.612799],[76.539034,9.612566],[76.538733,9.613719],[76.537693,9.613624],[76.537253,9.61484],[76.535772,9.614586],[76.535118,9.614407],[76.534678,9.613624],[76.533712,9.612979],[76.533594,9.611191],[76.533487,9.609689],[76.533508,9.607816],[76.532607,9.606335],[76.532843,9.605394],[76.53353,9.604029],[76.533956,9.604275]]]},"properties":{"admin_level":"10","boundary":"local_authority","local_authority:IN":"municipality","name":"Puthettu","type":"boundary","ward":"6","wikidata":"Q101580827","id":"relation/12847580"},"id":"relation/12847580"},{"type":"Feature","geometry":{"type":"Polygon","coordinates":[[[76.537253,9.61484],[76.537693,9.613624],[76.538733,9.613719],[76.539034,9.612566],[76.539946,9.612799],[76.540664,9.611085],[76.542681,9.612587],[76.544763,9.612682],[76.54664,9.611931],[76.548175,9.611424],[76.54899,9.611878],[76.548379,9.613793],[76.548303,9.616871],[76.546158,9.617168],[76.545546,9.616237],[76.542338,9.616533],[76.540911,9.615137],[76.538905,9.615433],[76.537253,9.61484]]]},"properties":{"admin_level":"10","boundary":"local_authority","local_authority:IN":"municipality","name":"Nattassery","type":"boundary","ward":"5","wikidata":"Q101580826","id":"relation/12847581"},"id":"relation/12847581"},{"type":"Feature","geometry":{"type":"Polygon","coordinates":[[[76.520909,9.593151],[76.520205,9.592985],[76.519454,9.592647],[76.518981,9.591949],[76.518703,9.590975],[76.51823,9.588796],[76.517477,9.58814],[76.517823,9.587103],[76.518316,9.586194],[76.518981,9.585876],[76.52014,9.586194],[76.520934,9.58577],[76.521149,9.585051],[76.521857,9.584924],[76.521449,9.584226],[76.522479,9.584184],[76.522865,9.584078],[76.524174,9.583316],[76.525462,9.585284],[76.528863,9.585337],[76.531148,9.586225],[76.531684,9.587548],[76.531652,9.588637],[76.531663,9.58906],[76.53073,9.58924],[76.529818,9.589272],[76.526309,9.589484],[76.524088,9.589716],[76.523734,9.589864],[76.522243,9.590827],[76.520687,9.592065],[76.520909,9.593151]]]},"properties":{"admin_level":"10","boundary":"local_authority","local_authority:IN":"municipality","name":"Cathedral","type":"boundary","ward":"20","wikidata":"Q101580841","id":"relation/12847586"},"id":"relation/12847586"},{"type":"Feature","geometry":{"type":"Polygon","coordinates":[[[76.535622,9.591478],[76.532886,9.590383],[76.531094,9.590182],[76.53073,9.58924],[76.531663,9.58906],[76.531652,9.588637],[76.531684,9.587548],[76.531148,9.586225],[76.528863,9.585337],[76.528831,9.583729],[76.528841,9.5823],[76.528476,9.581951],[76.52941,9.581962],[76.530848,9.58193],[76.534399,9.581877],[76.535933,9.581835],[76.537821,9.583253],[76.538014,9.584903],[76.538036,9.586469],[76.53766,9.587653],[76.537296,9.589113],[76.536781,9.590288],[76.535622,9.591478]]]},"properties":{"admin_level":"10","boundary":"local_authority","local_authority:IN":"municipality","name":"Collectorate","type":"boundary","ward":"19","wikidata":"Q101580840","id":"relation/12847587"},"id":"relation/12847587"},{"type":"Feature","geometry":{"type":"Polygon","coordinates":[[[76.543604,9.58723],[76.540289,9.587431],[76.53766,9.587653],[76.538036,9.586469],[76.538014,9.584903],[76.537821,9.583253],[76.535933,9.581835],[76.536137,9.580999],[76.536738,9.579264],[76.537339,9.577794],[76.537864,9.575805],[76.538293,9.57481],[76.538712,9.573499],[76.538926,9.57243],[76.539313,9.571298],[76.539731,9.570504],[76.541137,9.570118],[76.542145,9.569988],[76.542156,9.572483],[76.541448,9.573477],[76.5428,9.575889],[76.541877,9.57699],[76.542714,9.579233],[76.541963,9.581581],[76.542435,9.582745],[76.543422,9.58539],[76.543604,9.58723]]]},"properties":{"admin_level":"10","boundary":"local_authority","local_authority:IN":"municipality","name":"Muttambalam","type":"boundary","ward":"18","wikidata":"Q101580839","id":"relation/12847588"},"id":"relation/12847588"},{"type":"Feature","geometry":{"type":"Polygon","coordinates":[[[76.542435,9.582745],[76.541963,9.581581],[76.542714,9.579233],[76.541877,9.57699],[76.5428,9.575889],[76.541448,9.573477],[76.542156,9.572483],[76.542145,9.569988],[76.542643,9.569926],[76.54399,9.569997],[76.545417,9.569901],[76.546608,9.570282],[76.548464,9.570409],[76.548379,9.571785],[76.548808,9.57225],[76.549044,9.573245],[76.549505,9.574387],[76.550256,9.575202],[76.551032,9.575747],[76.550288,9.576334],[76.550267,9.576947],[76.550117,9.578471],[76.549473,9.579317],[76.548786,9.579529],[76.5481,9.579635],[76.546962,9.580058],[76.546876,9.580587],[76.546984,9.581793],[76.547112,9.582978],[76.545889,9.583316],[76.543894,9.583443],[76.542435,9.582745]]]},"properties":{"admin_level":"10","boundary":"local_authority","local_authority:IN":"municipality","name":"Devalokam","type":"boundary","ward":"17","wikidata":"Q101580838","id":"relation/12847589"},"id":"relation/12847589"},{"type":"Feature","geometry":{"type":"Polygon","coordinates":[[[76.551032,9.575747],[76.551672,9.576196],[76.552219,9.576863],[76.552144,9.57754],[76.551393,9.578577],[76.550739,9.579603],[76.549698,9.580883],[76.548657,9.581962],[76.547595,9.582978],[76.54742,9.583793],[76.547284,9.584427],[76.547492,9.585514],[76.547681,9.5865],[76.547715,9.58813],[76.547724,9.588584],[76.547885,9.590076],[76.548625,9.5927],[76.548432,9.594911],[76.54708,9.59508],[76.545686,9.594265],[76.545138,9.593652],[76.544892,9.592499],[76.544323,9.590478],[76.545181,9.589462],[76.543604,9.58723],[76.543422,9.58539],[76.542435,9.582745],[76.543894,9.583443],[76.545889,9.583316],[76.547112,9.582978],[76.546984,9.581793],[76.546876,9.580587],[76.546962,9.580058],[76.5481,9.579635],[76.548786,9.579529],[76.549473,9.579317],[76.550117,9.578471],[76.550267,9.576947],[76.550288,9.576334],[76.551032,9.575747]]]},"properties":{"admin_level":"10","boundary":"local_authority","local_authority:IN":"municipality","name":"Kanjikuzhy","type":"boundary","ward":"16","wikidata":"Q101580837","id":"relation/12847590"},"id":"relation/12847590"},{"type":"Feature","geometry":{"type":"Polygon","coordinates":[[[76.543604,9.58723],[76.545181,9.589462],[76.544323,9.590478],[76.544892,9.592499],[76.545138,9.593652],[76.545686,9.594265],[76.54708,9.59508],[76.546426,9.595429],[76.545836,9.596497],[76.545407,9.597566],[76.54479,9.597254],[76.543749,9.596407],[76.542907,9.595804],[76.542247,9.595064],[76.541796,9.594493],[76.542065,9.592419],[76.542156,9.591927],[76.541807,9.591182],[76.541469,9.590885],[76.541067,9.590695],[76.540423,9.591182],[76.53986,9.591689],[76.539307,9.592329],[76.537961,9.592044],[76.536652,9.591779],[76.535622,9.591478],[76.536781,9.590288],[76.537296,9.589113],[76.53766,9.587653],[76.540289,9.587431],[76.543604,9.58723]]]},"properties":{"admin_level":"10","boundary":"local_authority","local_authority:IN":"municipality","name":"Mount Carmel","type":"boundary","ward":"15","wikidata":"Q101580836","id":"relation/12847591"},"id":"relation/12847591"},{"type":"Feature","geometry":{"type":"Polygon","coordinates":[[[76.535622,9.591478],[76.536652,9.591779],[76.537961,9.592044],[76.539307,9.592329],[76.53986,9.591689],[76.540423,9.591182],[76.541067,9.590695],[76.541469,9.590885],[76.541807,9.591182],[76.542156,9.591927],[76.542065,9.592419],[76.541796,9.594493],[76.542247,9.595064],[76.542907,9.595804],[76.543749,9.596407],[76.54479,9.597254],[76.545407,9.597566],[76.544892,9.598105],[76.543357,9.598687],[76.542596,9.599047],[76.541898,9.600115],[76.54119,9.600687],[76.540396,9.601797],[76.538841,9.601818],[76.537467,9.602199],[76.537178,9.603067],[76.536856,9.60477],[76.535536,9.605003],[76.534663,9.604643],[76.534667,9.604326],[76.534608,9.603924],[76.53442,9.603442],[76.533884,9.602231],[76.533616,9.60029],[76.533594,9.599639],[76.533546,9.598084],[76.533337,9.597582],[76.532612,9.597026],[76.531524,9.596857],[76.530671,9.596868],[76.529485,9.597053],[76.527436,9.597693],[76.52684,9.597793],[76.527302,9.597174],[76.528648,9.595212],[76.530198,9.594821],[76.532537,9.594107],[76.533975,9.593609],[76.534506,9.593001],[76.535622,9.591478]]]},"properties":{"admin_level":"10","boundary":"local_authority","local_authority:IN":"municipality","name":"Mullenkuzhy","type":"boundary","ward":"14","wikidata":"Q101580835","id":"relation/12847592"},"id":"relation/12847592"},{"type":"Feature","geometry":{"type":"Polygon","coordinates":[[[76.517383,9.601036],[76.517029,9.59984],[76.519014,9.598518],[76.520076,9.597545],[76.520988,9.596593],[76.521385,9.595778],[76.521395,9.595133],[76.521213,9.594382],[76.520966,9.59343],[76.520909,9.593151],[76.520687,9.592065],[76.522243,9.590827],[76.523734,9.589864],[76.524088,9.589716],[76.526309,9.589484],[76.529818,9.589272],[76.53073,9.58924],[76.531094,9.590182],[76.532886,9.590383],[76.535622,9.591478],[76.534506,9.593001],[76.533975,9.593609],[76.532537,9.594107],[76.530198,9.594821],[76.528648,9.595212],[76.527302,9.597174],[76.52684,9.597793],[76.526926,9.598407],[76.526669,9.59892],[76.526154,9.599867],[76.525633,9.601168],[76.525183,9.602072],[76.524534,9.602485],[76.523445,9.603014],[76.522517,9.602982],[76.521664,9.602797],[76.520682,9.602374],[76.519572,9.601813],[76.518413,9.601242],[76.517764,9.600999],[76.517383,9.601036]]]},"properties":{"admin_level":"10","boundary":"local_authority","local_authority:IN":"municipality","name":"Nagampadom South","type":"boundary","ward":"13","wikidata":"Q101580834","id":"relation/12847593"},"id":"relation/12847593"},{"type":"Feature","geometry":{"type":"Polygon","coordinates":[[[76.495721,9.511127],[76.495732,9.512852],[76.495271,9.514788],[76.496365,9.516238],[76.497717,9.517],[76.499283,9.516513],[76.500163,9.51609],[76.501579,9.516079],[76.502008,9.517254],[76.503403,9.518079],[76.507094,9.518164],[76.509454,9.518037],[76.510951,9.518017],[76.512448,9.519312],[76.513719,9.519264],[76.51653,9.519074],[76.519904,9.519068],[76.52359,9.518603],[76.525687,9.51856],[76.525344,9.519042],[76.525092,9.521539],[76.524754,9.523317],[76.523627,9.525025],[76.522045,9.525925],[76.519974,9.527232],[76.519443,9.526882],[76.519024,9.526755],[76.51823,9.52665],[76.517104,9.52756],[76.516535,9.528914],[76.515935,9.529961],[76.514776,9.530893],[76.513274,9.531136],[76.51219,9.531305],[76.511697,9.53158],[76.510763,9.532247],[76.510334,9.532458],[76.509562,9.53249],[76.509079,9.531443],[76.508006,9.531252],[76.506236,9.531559],[76.505141,9.531697],[76.503221,9.529771],[76.501783,9.528512],[76.499809,9.527464],[76.495496,9.527337],[76.486548,9.527486],[76.483641,9.527295],[76.483802,9.522587],[76.484177,9.520629],[76.484638,9.513021],[76.484896,9.508344],[76.489767,9.509021],[76.492892,9.507362],[76.493576,9.508566],[76.49423,9.509931],[76.495721,9.511127]]]},"properties":{"admin_level":"10","boundary":"local_authority","local_authority:IN":"municipality","name":"Mavilangu","type":"boundary","ward":"39","wikidata":"Q101580861","id":"relation/12847680"},"id":"relation/12847680"},{"type":"Feature","geometry":{"type":"Polygon","coordinates":[[[76.521106,9.512497],[76.521685,9.511508],[76.522549,9.510625],[76.523847,9.510773],[76.525204,9.511005],[76.526875,9.511167],[76.527227,9.511201],[76.528766,9.511037],[76.529989,9.510646],[76.531411,9.509857],[76.532773,9.509006],[76.534377,9.509074],[76.535794,9.510011],[76.535225,9.5119],[76.535005,9.513069],[76.534774,9.514048],[76.534746,9.514409],[76.53302,9.51409],[76.530451,9.513926],[76.528825,9.51372],[76.527361,9.513407],[76.52669,9.514693],[76.526105,9.515841],[76.526046,9.517978],[76.525687,9.51856],[76.52359,9.518603],[76.519904,9.519068],[76.51653,9.519074],[76.513719,9.519264],[76.512448,9.519312],[76.510951,9.518017],[76.512673,9.517994],[76.513166,9.51609],[76.51558,9.515709],[76.518702,9.515106],[76.51991,9.513878],[76.521106,9.512497]]]},"properties":{"admin_level":"10","boundary":"local_authority","local_authority:IN":"municipality","name":"Puthenthodu","type":"boundary","ward":"38","wikidata":"Q101580860","id":"relation/12847681"},"id":"relation/12847681"},{"type":"Feature","geometry":{"type":"Polygon","coordinates":[[[76.525687,9.51856],[76.526046,9.517978],[76.526105,9.515841],[76.52669,9.514693],[76.527361,9.513407],[76.528825,9.51372],[76.530451,9.513926],[76.53302,9.51409],[76.534746,9.514409],[76.534689,9.515132],[76.534512,9.516222],[76.534485,9.516756],[76.534957,9.519391],[76.533819,9.521772],[76.531813,9.521169],[76.528133,9.520026],[76.525344,9.519042],[76.525687,9.51856]]]},"properties":{"admin_level":"10","boundary":"local_authority","local_authority:IN":"municipality","name":"Palamoodu","type":"boundary","ward":"37","wikidata":"Q101580859","id":"relation/12847682"},"id":"relation/12847682"},{"type":"Feature","geometry":{"type":"Polygon","coordinates":[[[76.533819,9.521772],[76.533337,9.523137],[76.532972,9.524279],[76.533079,9.525253],[76.533701,9.526216],[76.533616,9.526935],[76.532854,9.527464],[76.532522,9.527523],[76.532135,9.527591],[76.531287,9.527158],[76.530011,9.52556],[76.528659,9.525623],[76.527028,9.525528],[76.52632,9.526364],[76.526181,9.52748],[76.526213,9.528406],[76.526245,9.529877],[76.525741,9.531252],[76.525258,9.530935],[76.524421,9.530459],[76.524266,9.530389],[76.523123,9.529697],[76.521578,9.528671],[76.520376,9.527486],[76.519974,9.527232],[76.522045,9.525925],[76.523627,9.525025],[76.524754,9.523317],[76.525092,9.521539],[76.525344,9.519042],[76.528133,9.520026],[76.531813,9.521169],[76.533819,9.521772]]]},"properties":{"admin_level":"10","boundary":"local_authority","local_authority:IN":"municipality","name":"Chingavanam","type":"boundary","ward":"36","wikidata":"Q101580858","id":"relation/12847683"},"id":"relation/12847683"},{"type":"Feature","geometry":{"type":"Polygon","coordinates":[[[76.525741,9.531252],[76.525977,9.533062],[76.524882,9.534299],[76.52477,9.535134],[76.523332,9.535067],[76.521186,9.534813],[76.517871,9.534945],[76.517673,9.532628],[76.517356,9.532019],[76.51661,9.531443],[76.515291,9.531062],[76.514776,9.530893],[76.515935,9.529961],[76.516535,9.528914],[76.517104,9.52756],[76.51823,9.52665],[76.519024,9.526755],[76.519443,9.526882],[76.519974,9.527232],[76.520376,9.527486],[76.521578,9.528671],[76.523123,9.529697],[76.524266,9.530389],[76.524421,9.530459],[76.525258,9.530935],[76.525741,9.531252]]]},"properties":{"admin_level":"10","boundary":"local_authority","local_authority:IN":"municipality","name":"Pannimattom","type":"boundary","ward":"35","wikidata":"Q101580857","id":"relation/12847684"},"id":"relation/12847684"},{"type":"Feature","geometry":{"type":"Polygon","coordinates":[[[76.514926,9.538193],[76.514572,9.535252],[76.514615,9.533189],[76.514658,9.532332],[76.515291,9.531062],[76.51661,9.531443],[76.517356,9.532019],[76.517673,9.532628],[76.517871,9.534945],[76.521186,9.534813],[76.523332,9.535067],[76.52477,9.535134],[76.524689,9.535728],[76.524721,9.537029],[76.523627,9.538299],[76.523842,9.538944],[76.524003,9.540404],[76.523423,9.54077],[76.522738,9.541206],[76.522554,9.5416],[76.522404,9.543251],[76.522386,9.544161],[76.522372,9.544848],[76.522624,9.545192],[76.522849,9.545562],[76.519293,9.544943],[76.517635,9.546234],[76.51697,9.546927],[76.514797,9.547821],[76.514872,9.546044],[76.515302,9.541505],[76.516207,9.541408],[76.516385,9.541388],[76.516889,9.541113],[76.517651,9.539368],[76.517479,9.53814],[76.514926,9.538193]]]},"properties":{"admin_level":"10","boundary":"local_authority","local_authority:IN":"municipality","name":"Power House","type":"boundary","ward":"34","wikidata":"Q101580856","id":"relation/12847685"},"id":"relation/12847685"},{"type":"Feature","geometry":{"type":"Polygon","coordinates":[[[76.514454,9.55399],[76.514266,9.551641],[76.513939,9.548319],[76.514797,9.547821],[76.51697,9.546927],[76.517635,9.546234],[76.519293,9.544943],[76.522849,9.545562],[76.523112,9.545927],[76.523874,9.547017],[76.524035,9.548583],[76.52396,9.552307],[76.523606,9.55235],[76.520548,9.552519],[76.518928,9.552572],[76.517394,9.553111],[76.517233,9.554011],[76.51704,9.555301],[76.514454,9.55399]]]},"properties":{"admin_level":"10","boundary":"local_authority","local_authority:IN":"municipality","name":"Chettikunnu","type":"boundary","ward":"33","wikidata":"Q101580855","id":"relation/12847686"},"id":"relation/12847686"},{"type":"Feature","geometry":{"type":"Polygon","coordinates":[[[76.519893,9.559766],[76.519303,9.558454],[76.518681,9.557534],[76.517372,9.555608],[76.51704,9.555301],[76.517233,9.554011],[76.517394,9.553111],[76.518928,9.552572],[76.520548,9.552519],[76.523606,9.55235],[76.52396,9.552307],[76.524035,9.548583],[76.525322,9.549959],[76.526341,9.551366],[76.526824,9.552085],[76.527302,9.553103],[76.527425,9.553365],[76.527886,9.554772],[76.528283,9.556275],[76.528395,9.556483],[76.52662,9.557777],[76.526095,9.557555],[76.52499,9.556984],[76.524603,9.557597],[76.522865,9.557809],[76.522211,9.5582],[76.521492,9.558835],[76.519893,9.559766]]]},"properties":{"admin_level":"10","boundary":"local_authority","local_authority:IN":"municipality","name":"Kakkur Muthenmali","type":"boundary","ward":"32","wikidata":"Q101580854","id":"relation/12847687"},"id":"relation/12847687"},{"type":"Feature","geometry":{"type":"Polygon","coordinates":[[[76.519893,9.559766],[76.521492,9.558835],[76.522211,9.5582],[76.522865,9.557809],[76.524603,9.557597],[76.52499,9.556984],[76.526095,9.557555],[76.52662,9.557777],[76.528395,9.556483],[76.52882,9.557269],[76.529474,9.55729],[76.530247,9.557322],[76.530504,9.557957],[76.53074,9.558539],[76.531094,9.559544],[76.531211,9.559691],[76.530107,9.559904],[76.5297,9.560136],[76.529528,9.560581],[76.529045,9.56093],[76.528605,9.5613],[76.527747,9.561099],[76.527565,9.561364],[76.527253,9.561766],[76.526642,9.562728],[76.525258,9.563575],[76.524721,9.563649],[76.523638,9.563406],[76.521664,9.565553],[76.520602,9.565765],[76.519282,9.565871],[76.517844,9.564315],[76.517608,9.563966],[76.517115,9.562707],[76.517254,9.561882],[76.517919,9.561332],[76.519303,9.560464],[76.519893,9.559766]]]},"properties":{"admin_level":"10","boundary":"local_authority","local_authority:IN":"municipality","name":"Moolavattom","type":"boundary","ward":"31","wikidata":"Q101580853","id":"relation/12847688"},"id":"relation/12847688"},{"type":"Feature","geometry":{"type":"Polygon","coordinates":[[[76.531211,9.559691],[76.532092,9.560792],[76.532779,9.562591],[76.534238,9.564802],[76.536373,9.567743],[76.534581,9.568188],[76.534334,9.569119],[76.534023,9.56933],[76.534098,9.572578],[76.531867,9.572694],[76.532049,9.575932],[76.531159,9.576027],[76.529796,9.577138],[76.529152,9.577667],[76.528766,9.578873],[76.528026,9.580343],[76.528165,9.580915],[76.528476,9.581951],[76.527371,9.582036],[76.52485,9.579973],[76.522962,9.578365],[76.523316,9.577476],[76.523209,9.576016],[76.522425,9.572176],[76.522114,9.570494],[76.520913,9.566971],[76.520602,9.565765],[76.521664,9.565553],[76.523638,9.563406],[76.524721,9.563649],[76.525258,9.563575],[76.526642,9.562728],[76.527253,9.561766],[76.527565,9.561364],[76.527747,9.561099],[76.528605,9.5613],[76.529045,9.56093],[76.529528,9.560581],[76.5297,9.560136],[76.530107,9.559904],[76.531211,9.559691]]]},"properties":{"admin_level":"10","boundary":"local_authority","local_authority:IN":"municipality","name":"Muppayikadu","type":"boundary","ward":"30","wikidata":"Q101580852","id":"relation/12847689"},"id":"relation/12847689"},{"type":"Feature","geometry":{"type":"Polygon","coordinates":[[[76.516439,9.58851],[76.516106,9.587664],[76.515076,9.586775],[76.513735,9.585792],[76.514036,9.585115],[76.5144,9.584014],[76.514229,9.582237],[76.51455,9.581518],[76.515462,9.580788],[76.515967,9.579857],[76.516063,9.578915],[76.515784,9.577445],[76.515645,9.575424],[76.516954,9.576143],[76.51866,9.576165],[76.519507,9.576492],[76.521299,9.577593],[76.522962,9.578365],[76.52485,9.579973],[76.527371,9.582036],[76.528476,9.581951],[76.528841,9.5823],[76.528831,9.583729],[76.528863,9.585337],[76.525462,9.585284],[76.524174,9.583316],[76.522865,9.584078],[76.522479,9.584184],[76.521449,9.584226],[76.521857,9.584924],[76.521149,9.585051],[76.520934,9.58577],[76.52014,9.586194],[76.518981,9.585876],[76.518316,9.586194],[76.517823,9.587103],[76.517477,9.58814],[76.516439,9.58851]]]},"properties":{"admin_level":"10","boundary":"local_authority","local_authority:IN":"municipality","name":"Kodimatha North","type":"boundary","ward":"29","wikidata":"Q101580851","id":"relation/12847690"},"id":"relation/12847690"},{"type":"Feature","geometry":{"type":"Polygon","coordinates":[[[76.513735,9.585792],[76.512748,9.584914],[76.511493,9.583824],[76.510946,9.583655],[76.510195,9.58376],[76.509229,9.584226],[76.508628,9.584564],[76.508092,9.584649],[76.507373,9.584215],[76.507019,9.584046],[76.506987,9.583284],[76.507834,9.582322],[76.508714,9.581824],[76.508446,9.579709],[76.509626,9.578651],[76.510237,9.577191],[76.511031,9.574853],[76.513252,9.574874],[76.515645,9.575424],[76.515784,9.577445],[76.516063,9.578915],[76.515967,9.579857],[76.515462,9.580788],[76.51455,9.581518],[76.514229,9.582237],[76.5144,9.584014],[76.514036,9.585115],[76.513735,9.585792]]]},"properties":{"admin_level":"10","boundary":"local_authority","local_authority:IN":"municipality","name":"Karapuzha","type":"boundary","ward":"28","wikidata":"Q101580850","id":"relation/12847691"},"id":"relation/12847691"},{"type":"Feature","geometry":{"type":"Polygon","coordinates":[[[76.507019,9.584046],[76.506075,9.583464],[76.505935,9.582269],[76.50586,9.581645],[76.505742,9.5812],[76.505313,9.580946],[76.504294,9.581042],[76.503768,9.581169],[76.503339,9.580396],[76.502255,9.57918],[76.502363,9.577974],[76.50336,9.575773],[76.501483,9.573996],[76.500721,9.572282],[76.503671,9.573181],[76.511031,9.574853],[76.510237,9.577191],[76.509626,9.578651],[76.508446,9.579709],[76.508714,9.581824],[76.507834,9.582322],[76.506987,9.583284],[76.507019,9.584046]]]},"properties":{"admin_level":"10","boundary":"local_authority","local_authority:IN":"municipality","name":"Pathinarilchira","type":"boundary","ward":"27","wikidata":"Q101580849","id":"relation/12847692"},"id":"relation/12847692"},{"type":"Feature","geometry":{"type":"Polygon","coordinates":[[[76.503768,9.581169],[76.50291,9.581253],[76.50056,9.582015],[76.500496,9.585432],[76.499755,9.585834],[76.497653,9.587103],[76.497277,9.587241],[76.496837,9.584194],[76.49658,9.582427],[76.496902,9.581592],[76.497299,9.581317],[76.498103,9.581169],[76.498811,9.58101],[76.498897,9.580259],[76.499015,9.579307],[76.498801,9.577942],[76.500378,9.577371],[76.501483,9.573996],[76.50336,9.575773],[76.502363,9.577974],[76.502255,9.57918],[76.503339,9.580396],[76.503768,9.581169]]]},"properties":{"admin_level":"10","boundary":"local_authority","local_authority:IN":"municipality","name":"Pulinackkal","type":"boundary","ward":"26","wikidata":"Q101580848","id":"relation/12847693"},"id":"relation/12847693"},{"type":"Feature","geometry":{"type":"Polygon","coordinates":[[[76.500496,9.585432],[76.50056,9.582015],[76.50291,9.581253],[76.50262,9.582935],[76.502523,9.584258],[76.50262,9.585263],[76.503124,9.58668],[76.504551,9.589674],[76.505613,9.591811],[76.50637,9.593488],[76.505474,9.593535],[76.504642,9.593588],[76.504186,9.593467],[76.503296,9.593049],[76.50284,9.592382],[76.50225,9.59143],[76.501772,9.59015],[76.500979,9.587939],[76.500496,9.585432]]]},"properties":{"admin_level":"10","boundary":"local_authority","local_authority:IN":"municipality","name":"Pallikonam","type":"boundary","ward":"25","wikidata":"Q101580847","id":"relation/12847694"},"id":"relation/12847694"},{"type":"Feature","geometry":{"type":"Polygon","coordinates":[[[76.50291,9.581253],[76.503768,9.581169],[76.504294,9.581042],[76.505313,9.580946],[76.505742,9.5812],[76.50586,9.581645],[76.505935,9.582269],[76.506075,9.583464],[76.507019,9.584046],[76.506708,9.585421],[76.506536,9.58613],[76.506912,9.587114],[76.507394,9.58723],[76.507652,9.587537],[76.508006,9.58796],[76.508478,9.58869],[76.508918,9.589547],[76.509111,9.589928],[76.509497,9.590679],[76.509637,9.591673],[76.509358,9.592615],[76.508457,9.593292],[76.507394,9.59344],[76.50637,9.593488],[76.505613,9.591811],[76.504551,9.589674],[76.503124,9.58668],[76.50262,9.585263],[76.502523,9.584258],[76.50262,9.582935],[76.50291,9.581253]]]},"properties":{"admin_level":"10","boundary":"local_authority","local_authority:IN":"municipality","name":"Thiruvathukkal","type":"boundary","ward":"24","wikidata":"Q101580846","id":"relation/12847695"},"id":"relation/12847695"},{"type":"Feature","geometry":{"type":"Polygon","coordinates":[[[76.50637,9.593488],[76.507394,9.59344],[76.508457,9.593292],[76.509358,9.592615],[76.509637,9.591673],[76.509497,9.590679],[76.509111,9.589928],[76.508918,9.589547],[76.508478,9.58869],[76.508006,9.58796],[76.507652,9.587537],[76.507394,9.58723],[76.506912,9.587114],[76.506536,9.58613],[76.506708,9.585421],[76.507019,9.584046],[76.507373,9.584215],[76.508092,9.584649],[76.508628,9.584564],[76.509229,9.584226],[76.510195,9.58376],[76.510946,9.583655],[76.511493,9.583824],[76.512748,9.584914],[76.513735,9.585792],[76.512888,9.586818],[76.512287,9.587865],[76.51219,9.588701],[76.512158,9.589441],[76.511922,9.589939],[76.511568,9.590774],[76.51145,9.591748],[76.511815,9.593102],[76.511943,9.593884],[76.512147,9.595556],[76.511241,9.595942],[76.509808,9.596291],[76.508682,9.596217],[76.507614,9.595656],[76.506708,9.595154],[76.506493,9.594868],[76.506439,9.593985],[76.50637,9.593488]]]},"properties":{"admin_level":"10","boundary":"local_authority","local_authority:IN":"municipality","name":"Puthenangadi","type":"boundary","ward":"23","wikidata":"Q101580845","id":"relation/12847696"},"id":"relation/12847696"},{"type":"Feature","geometry":{"type":"Polygon","coordinates":[[[76.513735,9.585792],[76.515076,9.586775],[76.516106,9.587664],[76.516439,9.58851],[76.516106,9.589843],[76.515709,9.590869],[76.515302,9.591155],[76.514679,9.591303],[76.514057,9.591451],[76.513971,9.592784],[76.514829,9.59399],[76.515194,9.594519],[76.515151,9.596392],[76.51454,9.59599],[76.513982,9.595736],[76.512834,9.595535],[76.512147,9.595556],[76.511943,9.593884],[76.511815,9.593102],[76.51145,9.591748],[76.511568,9.590774],[76.511922,9.589939],[76.512158,9.589441],[76.51219,9.588701],[76.512287,9.587865],[76.512888,9.586818],[76.513735,9.585792]]]},"properties":{"admin_level":"10","boundary":"local_authority","local_authority:IN":"municipality","name":"Chirayilpadam","type":"boundary","ward":"22","wikidata":"Q101580843","id":"relation/12847697"},"id":"relation/12847697"},{"type":"Feature","geometry":{"type":"Polygon","coordinates":[[[76.516439,9.58851],[76.517477,9.58814],[76.51823,9.588796],[76.518703,9.590975],[76.518981,9.591949],[76.519454,9.592647],[76.520205,9.592985],[76.520909,9.593151],[76.520966,9.59343],[76.519915,9.593895],[76.51823,9.594413],[76.516653,9.595344],[76.515634,9.596053],[76.515151,9.596392],[76.515194,9.594519],[76.514829,9.59399],[76.513971,9.592784],[76.514057,9.591451],[76.514679,9.591303],[76.515302,9.591155],[76.515709,9.590869],[76.516106,9.589843],[76.516439,9.58851]]]},"properties":{"admin_level":"10","boundary":"local_authority","local_authority:IN":"municipality","name":"Thirunakkara","type":"boundary","ward":"21","wikidata":"Q101580842","id":"relation/12847698"},"id":"relation/12847698"},{"type":"Feature","geometry":{"type":"Polygon","coordinates":[[[76.516648,9.634583],[76.516825,9.634132],[76.516772,9.632786],[76.516963,9.632282],[76.518531,9.631067],[76.517973,9.629713],[76.51763,9.62654],[76.520215,9.626688],[76.5219,9.626815],[76.5244,9.626952],[76.526814,9.627365],[76.528627,9.627386],[76.529517,9.627275],[76.529458,9.626651],[76.52919,9.626153],[76.52853,9.625656],[76.528031,9.625217],[76.528106,9.624286],[76.528482,9.624329],[76.528852,9.624202],[76.529469,9.623985],[76.530231,9.6239],[76.530386,9.623752],[76.530654,9.622816],[76.530799,9.622488],[76.531041,9.622499],[76.531304,9.622695],[76.531947,9.623118],[76.532634,9.623477],[76.534544,9.621943],[76.534812,9.622647],[76.535493,9.623731],[76.53633,9.625265],[76.53707,9.626772],[76.535912,9.626693],[76.536743,9.628094],[76.535525,9.628454],[76.534318,9.628745],[76.532967,9.62902],[76.530547,9.629036],[76.528546,9.629046],[76.527243,9.629036],[76.526417,9.629607],[76.524099,9.631183],[76.519513,9.631029],[76.516648,9.634583]]]},"properties":{"admin_level":"10","boundary":"local_authority","local_authority:IN":"municipality","name":"Gandhi Nagar South","type":"boundary","ward":"52","wikidata":"Q101580876","id":"relation/12847715"},"id":"relation/12847715"},{"type":"Feature","geometry":{"type":"Polygon","coordinates":[[[76.51763,9.62654],[76.517349,9.626068],[76.515486,9.625062],[76.515381,9.624994],[76.515438,9.624191],[76.51558,9.622192],[76.515334,9.620817],[76.515065,9.619357],[76.515731,9.618617],[76.515777,9.618491],[76.516525,9.61758],[76.516603,9.61737],[76.516997,9.617316],[76.517994,9.617035],[76.519368,9.616866],[76.520478,9.616734],[76.521943,9.61648],[76.522919,9.616253],[76.524249,9.616274],[76.525247,9.616126],[76.525971,9.617464],[76.526513,9.618458],[76.526728,9.619558],[76.526738,9.619918],[76.526663,9.620595],[76.526524,9.620902],[76.525955,9.621166],[76.525097,9.621536],[76.525033,9.622086],[76.524979,9.622679],[76.524904,9.622806],[76.524657,9.623123],[76.524314,9.62325],[76.523852,9.623387],[76.523595,9.62361],[76.523563,9.623853],[76.523649,9.62416],[76.523852,9.624403],[76.524335,9.624636],[76.524957,9.624963],[76.525269,9.625175],[76.525676,9.625482],[76.525859,9.626021],[76.525537,9.626328],[76.524957,9.626349],[76.524378,9.626656],[76.5244,9.626952],[76.5219,9.626815],[76.520215,9.626688],[76.51763,9.62654]]]},"properties":{"admin_level":"10","boundary":"local_authority","local_authority:IN":"municipality","name":"Thuthutty","type":"boundary","ward":"51","wikidata":"Q101580875","id":"relation/12847716"},"id":"relation/12847716"},{"type":"Feature","geometry":{"type":"Polygon","coordinates":[[[76.510679,9.609652],[76.510806,9.609033],[76.510774,9.608419],[76.510506,9.607869],[76.510232,9.607502],[76.510149,9.606785],[76.509411,9.606721],[76.508526,9.606441],[76.50822,9.605129],[76.507984,9.60459],[76.508006,9.60405],[76.50855,9.604154],[76.508912,9.604595],[76.509283,9.60504],[76.509835,9.605402],[76.510573,9.605553],[76.510967,9.605584],[76.51145,9.605338],[76.512512,9.604653],[76.513679,9.603738],[76.514744,9.603043],[76.516069,9.602257],[76.516203,9.602998],[76.516369,9.60422],[76.516369,9.605346],[76.516095,9.606933],[76.516401,9.607504],[76.517066,9.608716],[76.517469,9.609567],[76.51764,9.610228],[76.517764,9.61145],[76.517828,9.612339],[76.516353,9.612508],[76.514561,9.612735],[76.515157,9.613677],[76.516283,9.615052],[76.517994,9.617035],[76.516997,9.617316],[76.516603,9.61737],[76.516905,9.616559],[76.516203,9.616136],[76.515527,9.615375],[76.514465,9.614322],[76.513612,9.613613],[76.513323,9.613044],[76.51293,9.61227],[76.512014,9.612068],[76.511096,9.612201],[76.51042,9.612095],[76.510012,9.611857],[76.510152,9.611191],[76.510634,9.609869],[76.510679,9.609652]]]},"properties":{"admin_level":"10","boundary":"local_authority","local_authority:IN":"municipality","name":"Varissery","type":"boundary","ward":"50","wikidata":"Q101580874","id":"relation/12847717"},"id":"relation/12847717"},{"type":"Feature","geometry":{"type":"Polygon","coordinates":[[[76.517383,9.601036],[76.516627,9.601432],[76.514744,9.602347],[76.513698,9.60303],[76.512845,9.603781],[76.511986,9.604299],[76.511289,9.604728],[76.510667,9.604934],[76.510286,9.604944],[76.509696,9.604807],[76.509197,9.604167],[76.508875,9.603548],[76.509025,9.602829],[76.509197,9.602363],[76.509222,9.602301],[76.509489,9.602103],[76.509839,9.601855],[76.51017,9.601736],[76.510908,9.601432],[76.511321,9.601233],[76.511709,9.600952],[76.511946,9.600788],[76.512158,9.6004],[76.512198,9.600193],[76.512242,9.599846],[76.512228,9.599631],[76.512191,9.599322],[76.51206,9.599015],[76.511809,9.598882],[76.511514,9.598827],[76.511284,9.598827],[76.510887,9.598901],[76.511375,9.598486],[76.511933,9.598021],[76.512351,9.597481],[76.512512,9.597153],[76.512405,9.596656],[76.512147,9.595556],[76.512834,9.595535],[76.513982,9.595736],[76.51454,9.59599],[76.515151,9.596392],[76.515634,9.596053],[76.516653,9.595344],[76.51823,9.594413],[76.519915,9.593895],[76.520966,9.59343],[76.521213,9.594382],[76.521395,9.595133],[76.521385,9.595778],[76.520988,9.596593],[76.520076,9.597545],[76.519014,9.598518],[76.517029,9.59984],[76.517383,9.601036]]]},"properties":{"admin_level":"10","boundary":"local_authority","local_authority:IN":"municipality","name":"Pazhaya Seminary","type":"boundary","ward":"49","wikidata":"Q101580873","id":"relation/12847718"},"id":"relation/12847718"},{"type":"Feature","geometry":{"type":"Polygon","coordinates":[[[76.501495,9.593695],[76.501381,9.593504],[76.500126,9.592017],[76.499817,9.591686],[76.500957,9.590817],[76.501772,9.59015],[76.50225,9.59143],[76.50284,9.592382],[76.503296,9.593049],[76.504186,9.593467],[76.504642,9.593588],[76.505474,9.593535],[76.50637,9.593488],[76.506439,9.593985],[76.506493,9.594868],[76.506708,9.595154],[76.507614,9.595656],[76.508682,9.596217],[76.509808,9.596291],[76.511241,9.595942],[76.512147,9.595556],[76.512405,9.596656],[76.512512,9.597153],[76.512351,9.597481],[76.511933,9.598021],[76.511375,9.598486],[76.510887,9.598901],[76.510696,9.598937],[76.510292,9.599031],[76.509736,9.599126],[76.509351,9.599208],[76.508821,9.599286],[76.508548,9.599313],[76.508277,9.599318],[76.507719,9.599346],[76.50692,9.599413],[76.506478,9.599429],[76.505856,9.599447],[76.505487,9.599432],[76.505324,9.59947],[76.505037,9.599261],[76.50454,9.598907],[76.503875,9.598074],[76.503751,9.597882],[76.502931,9.596624],[76.50232,9.595085],[76.501495,9.593695]]]},"properties":{"admin_level":"10","boundary":"local_authority","local_authority:IN":"municipality","name":"Thazhathangady","type":"boundary","ward":"48","wikidata":"Q101580871","id":"relation/12847719"},"id":"relation/12847719"},{"type":"Feature","geometry":{"type":"Polygon","coordinates":[[[76.491054,9.588144],[76.491087,9.587579],[76.49099,9.587262],[76.490507,9.587273],[76.489649,9.587537],[76.489027,9.587579],[76.488587,9.58741],[76.48834,9.587135],[76.488351,9.586712],[76.488701,9.585347],[76.490389,9.585569],[76.490958,9.585548],[76.491505,9.585643],[76.492095,9.585813],[76.492599,9.586215],[76.492814,9.586733],[76.492932,9.587199],[76.4932,9.587823],[76.49364,9.588225],[76.494294,9.588447],[76.496033,9.588235],[76.497277,9.587241],[76.497653,9.587103],[76.499755,9.585834],[76.500496,9.585432],[76.500979,9.587939],[76.501772,9.59015],[76.500957,9.590817],[76.499817,9.591686],[76.498924,9.590727],[76.497932,9.590536],[76.496859,9.591346],[76.495882,9.59197],[76.495239,9.59234],[76.494412,9.59234],[76.493737,9.591917],[76.493128,9.591495],[76.492621,9.591145],[76.491537,9.590266],[76.490947,9.589621],[76.491044,9.588331],[76.491054,9.588144]]]},"properties":{"admin_level":"10","boundary":"local_authority","local_authority:IN":"municipality","name":"Illikkal","type":"boundary","ward":"47","wikidata":"Q101580870","id":"relation/12847720"},"id":"relation/12847720"},{"type":"Feature","geometry":{"type":"Polygon","coordinates":[[[76.4876,9.58197],[76.487782,9.581243],[76.488082,9.580386],[76.488984,9.580513],[76.489499,9.580555],[76.490024,9.580322],[76.490336,9.579867],[76.490228,9.579434],[76.489778,9.579201],[76.48922,9.578947],[76.488823,9.578661],[76.488951,9.578312],[76.489992,9.578196],[76.489832,9.577517],[76.492696,9.578418],[76.494906,9.57809],[76.496612,9.577106],[76.497889,9.577593],[76.498801,9.577942],[76.499015,9.579307],[76.498897,9.580259],[76.498811,9.58101],[76.498103,9.581169],[76.497299,9.581317],[76.496902,9.581592],[76.49658,9.582427],[76.496837,9.584194],[76.497277,9.587241],[76.496033,9.588235],[76.494294,9.588447],[76.49364,9.588225],[76.4932,9.587823],[76.492932,9.587199],[76.492814,9.586733],[76.492599,9.586215],[76.492095,9.585813],[76.491505,9.585643],[76.490958,9.585548],[76.490389,9.585569],[76.488701,9.585347],[76.488984,9.584247],[76.48864,9.583411],[76.488082,9.582861],[76.487696,9.582427],[76.487567,9.582099],[76.4876,9.58197]]]},"properties":{"admin_level":"10","boundary":"local_authority","local_authority:IN":"municipality","name":"Panampady","type":"boundary","ward":"46","wikidata":"Q101580869","id":"relation/12847721"},"id":"relation/12847721"},{"type":"Feature","geometry":{"type":"Polygon","coordinates":[[[76.488211,9.56861],[76.488018,9.567532],[76.489359,9.565067],[76.490271,9.563575],[76.490947,9.562506],[76.491419,9.561544],[76.492578,9.559978],[76.493747,9.559195],[76.494767,9.558941],[76.496204,9.558952],[76.49717,9.558867],[76.498876,9.558835],[76.499884,9.55764],[76.500449,9.557215],[76.500539,9.558158],[76.500528,9.559671],[76.5013,9.560866],[76.501933,9.5613],[76.504916,9.560443],[76.507534,9.559703],[76.509122,9.560306],[76.510313,9.561237],[76.512362,9.562834],[76.513435,9.56422],[76.513639,9.565236],[76.514154,9.565786],[76.514926,9.566384],[76.51572,9.566807],[76.516514,9.566971],[76.51705,9.567124],[76.517286,9.567447],[76.517383,9.56778],[76.517302,9.568135],[76.517201,9.56841],[76.517109,9.568701],[76.516868,9.569346],[76.516492,9.570335],[76.515623,9.571996],[76.515296,9.573054],[76.515055,9.57399],[76.514953,9.574345],[76.515645,9.575424],[76.513252,9.574874],[76.511031,9.574853],[76.503671,9.573181],[76.500721,9.572282],[76.501483,9.573996],[76.500378,9.577371],[76.498801,9.577942],[76.497889,9.577593],[76.496612,9.577106],[76.494906,9.57809],[76.492696,9.578418],[76.489832,9.577517],[76.489681,9.576873],[76.488994,9.575466],[76.488694,9.574715],[76.488705,9.573615],[76.488415,9.569753],[76.488211,9.56861]]]},"properties":{"admin_level":"10","boundary":"local_authority","local_authority:IN":"municipality","name":"Kanjiram","type":"boundary","ward":"45","wikidata":"Q101580868","id":"relation/12847722"},"id":"relation/12847722"},{"type":"Feature","geometry":{"type":"Polygon","coordinates":[[[76.520602,9.565765],[76.520913,9.566971],[76.522114,9.570494],[76.522425,9.572176],[76.523209,9.576016],[76.523316,9.577476],[76.522962,9.578365],[76.521299,9.577593],[76.519507,9.576492],[76.51866,9.576165],[76.516954,9.576143],[76.515645,9.575424],[76.514953,9.574345],[76.515055,9.57399],[76.515296,9.573054],[76.515623,9.571996],[76.516492,9.570335],[76.516868,9.569346],[76.517109,9.568701],[76.517201,9.56841],[76.517302,9.568135],[76.517383,9.56778],[76.517286,9.567447],[76.51705,9.567124],[76.516514,9.566971],[76.51572,9.566807],[76.514926,9.566384],[76.514154,9.565786],[76.513639,9.565236],[76.513435,9.56422],[76.517608,9.563966],[76.517844,9.564315],[76.519282,9.565871],[76.520602,9.565765]]]},"properties":{"admin_level":"10","boundary":"local_authority","local_authority:IN":"municipality","name":"Kodimatha South","type":"boundary","ward":"44","wikidata":"Q101580867","id":"relation/12847723"},"id":"relation/12847723"},{"type":"Feature","geometry":{"type":"Polygon","coordinates":[[[76.514454,9.55399],[76.51704,9.555301],[76.517372,9.555608],[76.518681,9.557534],[76.519303,9.558454],[76.519893,9.559766],[76.519303,9.560464],[76.517919,9.561332],[76.517254,9.561882],[76.517115,9.562707],[76.517608,9.563966],[76.513435,9.56422],[76.512362,9.562834],[76.510313,9.561237],[76.509122,9.560306],[76.507534,9.559703],[76.504916,9.560443],[76.501933,9.5613],[76.5013,9.560866],[76.500528,9.559671],[76.500539,9.558158],[76.500449,9.557215],[76.501826,9.55618],[76.50189,9.555079],[76.501837,9.554191],[76.501901,9.553556],[76.50453,9.554053],[76.505806,9.554191],[76.507233,9.554191],[76.511182,9.554317],[76.512405,9.554328],[76.513456,9.554222],[76.514454,9.55399]]]},"properties":{"admin_level":"10","boundary":"local_authority","local_authority:IN":"municipality","name":"Thuramukham","type":"boundary","ward":"43","wikidata":"Q101580866","id":"relation/12847724"},"id":"relation/12847724"},{"type":"Feature","geometry":{"type":"Polygon","coordinates":[[[76.501901,9.553556],[76.503038,9.552974],[76.505764,9.551778],[76.506901,9.550667],[76.507351,9.549757],[76.507201,9.549027],[76.513939,9.548319],[76.514266,9.551641],[76.514454,9.55399],[76.513456,9.554222],[76.512405,9.554328],[76.511182,9.554317],[76.507233,9.554191],[76.505806,9.554191],[76.50453,9.554053],[76.501901,9.553556]]]},"properties":{"admin_level":"10","boundary":"local_authority","local_authority:IN":"municipality","name":"Mariyappally","type":"boundary","ward":"42","wikidata":"Q101580864","id":"relation/12847725"},"id":"relation/12847725"},{"type":"Feature","geometry":{"type":"Polygon","coordinates":[[[76.507201,9.549027],[76.506922,9.54817],[76.505989,9.545314],[76.505013,9.539611],[76.504915,9.538037],[76.507383,9.538105],[76.512512,9.538246],[76.514926,9.538193],[76.517479,9.53814],[76.517651,9.539368],[76.516889,9.541113],[76.516385,9.541388],[76.516207,9.541408],[76.515302,9.541505],[76.514872,9.546044],[76.514797,9.547821],[76.513939,9.548319],[76.507201,9.549027]]]},"properties":{"admin_level":"10","boundary":"local_authority","local_authority:IN":"municipality","name":"Kannadikkadavu","type":"boundary","ward":"41","wikidata":"Q101580863","id":"relation/12847726"},"id":"relation/12847726"},{"type":"Feature","geometry":{"type":"Polygon","coordinates":[[[76.514926,9.538193],[76.512512,9.538246],[76.507383,9.538105],[76.507191,9.535865],[76.507309,9.534469],[76.507974,9.534352],[76.508553,9.534194],[76.509132,9.533855],[76.50939,9.533368],[76.509562,9.53249],[76.510334,9.532458],[76.510763,9.532247],[76.511697,9.53158],[76.51219,9.531305],[76.513274,9.531136],[76.514776,9.530893],[76.515291,9.531062],[76.514658,9.532332],[76.514615,9.533189],[76.514572,9.535252],[76.514926,9.538193]]]},"properties":{"admin_level":"10","boundary":"local_authority","local_authority:IN":"municipality","name":"Pallam","type":"boundary","ward":"40","wikidata":"Q101580862","id":"relation/12847727"},"id":"relation/12847727"},{"type":"Feature","geometry":{"type":"LineString","coordinates":[[76.521106,9.512497],[76.51991,9.513878],[76.518702,9.515106],[76.51558,9.515709],[76.513166,9.51609],[76.512673,9.517994],[76.510951,9.518017]]},"properties":{"id":"way/732364252"},"id":"way/732364252"},{"type":"Feature","geometry":{"type":"LineString","coordinates":[[76.484896,9.508344],[76.489767,9.509021],[76.492892,9.507362]]},"properties":{"id":"way/834294766"},"id":"way/834294766"},{"type":"Feature","geometry":{"type":"LineString","coordinates":[[76.525826,9.637096],[76.527371,9.636271],[76.529646,9.637709],[76.531169,9.638154],[76.531942,9.63864],[76.532371,9.638154],[76.533358,9.637329],[76.534324,9.636482],[76.535204,9.635509],[76.53604,9.634367],[76.536834,9.6335],[76.537907,9.633373],[76.538418,9.633201]]},"properties":{"id":"way/835026178"},"id":"way/835026178"},{"type":"Feature","geometry":{"type":"LineString","coordinates":[[76.547206,9.627882],[76.548153,9.62802],[76.549001,9.628052],[76.550138,9.628243],[76.550975,9.628592],[76.551898,9.628856],[76.552691,9.628221],[76.552284,9.626994],[76.552777,9.626169],[76.554633,9.626042],[76.556543,9.625873]]},"properties":{"id":"way/835026749"},"id":"way/835026749"},{"type":"Feature","geometry":{"type":"LineString","coordinates":[[76.525741,9.531252],[76.526245,9.529877],[76.526213,9.528406],[76.526181,9.52748],[76.52632,9.526364],[76.527028,9.525528],[76.528659,9.525623],[76.530011,9.52556],[76.531287,9.527158],[76.532135,9.527591],[76.532522,9.527523]]},"properties":{"id":"way/835035215"},"id":"way/835035215"},{"type":"Feature","geometry":{"type":"LineString","coordinates":[[76.54742,9.583793],[76.547595,9.582978],[76.548657,9.581962],[76.549698,9.580883],[76.550739,9.579603],[76.551393,9.578577],[76.552144,9.57754]]},"properties":{"id":"way/835035945"},"id":"way/835035945"},{"type":"Feature","geometry":{"type":"LineString","coordinates":[[76.516648,9.634583],[76.516825,9.634132],[76.516772,9.632786],[76.516963,9.632282],[76.518531,9.631067],[76.517973,9.629713],[76.51763,9.62654]]},"properties":{"id":"way/835037511"},"id":"way/835037511"},{"type":"Feature","geometry":{"type":"LineString","coordinates":[[76.488211,9.56861],[76.488018,9.567532],[76.489359,9.565067],[76.490271,9.563575],[76.490947,9.562506],[76.491419,9.561544],[76.492578,9.559978],[76.493747,9.559195],[76.494767,9.558941],[76.496204,9.558952],[76.49717,9.558867],[76.498876,9.558835],[76.499884,9.55764],[76.500449,9.557215]]},"properties":{"id":"way/835038656"},"id":"way/835038656"},{"type":"Feature","geometry":{"type":"LineString","coordinates":[[76.510679,9.609652],[76.510806,9.609033],[76.510774,9.608419],[76.510506,9.607869],[76.510232,9.607502],[76.510149,9.606785],[76.509411,9.606721],[76.508526,9.606441],[76.50822,9.605129],[76.507984,9.60459],[76.508006,9.60405]]},"properties":{"id":"way/835038657"},"id":"way/835038657"},{"type":"Feature","geometry":{"type":"LineString","coordinates":[[76.515381,9.624994],[76.515438,9.624191]]},"properties":{"id":"way/954144648"},"id":"way/954144648"},{"type":"Feature","geometry":{"type":"LineString","coordinates":[[76.525826,9.637096],[76.524758,9.636798]]},"properties":{"id":"way/954144651"},"id":"way/954144651"},{"type":"Feature","geometry":{"type":"LineString","coordinates":[[76.515438,9.624191],[76.51558,9.622192],[76.515334,9.620817],[76.515065,9.619357],[76.515731,9.618617],[76.515777,9.618491]]},"properties":{"id":"way/954144678"},"id":"way/954144678"},{"type":"Feature","geometry":{"type":"LineString","coordinates":[[76.513323,9.613044],[76.51293,9.61227],[76.512014,9.612068],[76.511096,9.612201],[76.51042,9.612095],[76.510012,9.611857],[76.510152,9.611191],[76.510634,9.609869],[76.510679,9.609652]]},"properties":{"id":"way/954249469"},"id":"way/954249469"},{"type":"Feature","geometry":{"type":"LineString","coordinates":[[76.516603,9.61737],[76.516905,9.616559],[76.516203,9.616136],[76.515527,9.615375],[76.514465,9.614322],[76.513612,9.613613],[76.513323,9.613044]]},"properties":{"id":"way/954249481"},"id":"way/954249481"},{"type":"Feature","geometry":{"type":"LineString","coordinates":[[76.4876,9.58197],[76.487782,9.581243],[76.488082,9.580386],[76.488984,9.580513],[76.489499,9.580555],[76.490024,9.580322],[76.490336,9.579867],[76.490228,9.579434],[76.489778,9.579201],[76.48922,9.578947],[76.488823,9.578661],[76.488951,9.578312],[76.489992,9.578196],[76.489832,9.577517]]},"properties":{"id":"way/954290982"},"id":"way/954290982"},{"type":"Feature","geometry":{"type":"LineString","coordinates":[[76.491054,9.588144],[76.491087,9.587579],[76.49099,9.587262],[76.490507,9.587273],[76.489649,9.587537],[76.489027,9.587579],[76.488587,9.58741],[76.48834,9.587135],[76.488351,9.586712],[76.488701,9.585347]]},"properties":{"id":"way/954291005"},"id":"way/954291005"},{"type":"Feature","geometry":{"type":"LineString","coordinates":[[76.493128,9.591495],[76.492621,9.591145],[76.491537,9.590266],[76.490947,9.589621],[76.491044,9.588331],[76.491054,9.588144]]},"properties":{"id":"way/954291008"},"id":"way/954291008"},{"type":"Feature","geometry":{"type":"LineString","coordinates":[[76.503751,9.597882],[76.502931,9.596624],[76.50232,9.595085],[76.501495,9.593695]]},"properties":{"id":"way/954291016"},"id":"way/954291016"},{"type":"Feature","geometry":{"type":"LineString","coordinates":[[76.505324,9.59947],[76.505037,9.599261],[76.50454,9.598907],[76.503875,9.598074],[76.503751,9.597882]]},"properties":{"id":"way/954291019"},"id":"way/954291019"},{"type":"Feature","geometry":{"type":"LineString","coordinates":[[76.499817,9.591686],[76.498924,9.590727],[76.497932,9.590536],[76.496859,9.591346],[76.495882,9.59197],[76.495239,9.59234],[76.494412,9.59234],[76.493737,9.591917],[76.493128,9.591495]]},"properties":{"id":"way/954291025"},"id":"way/954291025"},{"type":"Feature","geometry":{"type":"LineString","coordinates":[[76.509454,9.518037],[76.507094,9.518164],[76.503403,9.518079],[76.502008,9.517254],[76.501579,9.516079],[76.500163,9.51609],[76.499283,9.516513],[76.497717,9.517],[76.496365,9.516238],[76.495271,9.514788],[76.495732,9.512852],[76.495721,9.511127]]},"properties":{"id":"way/954308876"},"id":"way/954308876"},{"type":"Feature","geometry":{"type":"LineString","coordinates":[[76.525687,9.51856],[76.52359,9.518603],[76.519904,9.519068],[76.51653,9.519074],[76.513719,9.519264],[76.512448,9.519312],[76.510951,9.518017]]},"properties":{"id":"way/954308877"},"id":"way/954308877"},{"type":"Feature","geometry":{"type":"LineString","coordinates":[[76.525344,9.519042],[76.525687,9.51856]]},"properties":{"id":"way/954308878"},"id":"way/954308878"},{"type":"Feature","geometry":{"type":"LineString","coordinates":[[76.534746,9.514409],[76.534774,9.514048],[76.535005,9.513069],[76.535225,9.5119],[76.535794,9.510011]]},"properties":{"id":"way/954308879"},"id":"way/954308879"},{"type":"Feature","geometry":{"type":"LineString","coordinates":[[76.525687,9.51856],[76.526046,9.517978],[76.526105,9.515841],[76.52669,9.514693],[76.527361,9.513407],[76.528825,9.51372],[76.530451,9.513926],[76.53302,9.51409],[76.534746,9.514409]]},"properties":{"id":"way/954308880"},"id":"way/954308880"},{"type":"Feature","geometry":{"type":"LineString","coordinates":[[76.525344,9.519042],[76.528133,9.520026],[76.531813,9.521169],[76.533819,9.521772]]},"properties":{"id":"way/954308881"},"id":"way/954308881"},{"type":"Feature","geometry":{"type":"LineString","coordinates":[[76.533819,9.521772],[76.534957,9.519391],[76.534485,9.516756],[76.534512,9.516222],[76.534689,9.515132],[76.534746,9.514409]]},"properties":{"id":"way/954308882"},"id":"way/954308882"},{"type":"Feature","geometry":{"type":"LineString","coordinates":[[76.519974,9.527232],[76.522045,9.525925],[76.523627,9.525025],[76.524754,9.523317],[76.525092,9.521539],[76.525344,9.519042]]},"properties":{"id":"way/954308883"},"id":"way/954308883"},{"type":"Feature","geometry":{"type":"LineString","coordinates":[[76.519974,9.527232],[76.520376,9.527486],[76.521578,9.528671],[76.523123,9.529697],[76.524266,9.530389],[76.524421,9.530459],[76.525258,9.530935],[76.525741,9.531252]]},"properties":{"id":"way/954308884"},"id":"way/954308884"},{"type":"Feature","geometry":{"type":"LineString","coordinates":[[76.522386,9.544161],[76.522404,9.543251],[76.522554,9.5416],[76.522738,9.541206],[76.523423,9.54077],[76.524003,9.540404],[76.523842,9.538944],[76.523627,9.538299],[76.524721,9.537029],[76.524689,9.535728],[76.52477,9.535134]]},"properties":{"id":"way/954308885"},"id":"way/954308885"},{"type":"Feature","geometry":{"type":"LineString","coordinates":[[76.514776,9.530893],[76.515935,9.529961],[76.516535,9.528914],[76.517104,9.52756],[76.51823,9.52665],[76.519024,9.526755],[76.519443,9.526882],[76.519974,9.527232]]},"properties":{"id":"way/954308886"},"id":"way/954308886"},{"type":"Feature","geometry":{"type":"LineString","coordinates":[[76.514926,9.538193],[76.514572,9.535252],[76.514615,9.533189],[76.514658,9.532332],[76.515291,9.531062]]},"properties":{"id":"way/954308887"},"id":"way/954308887"},{"type":"Feature","geometry":{"type":"LineString","coordinates":[[76.509562,9.53249],[76.509079,9.531443],[76.508006,9.531252],[76.506236,9.531559],[76.505141,9.531697],[76.503221,9.529771],[76.501783,9.528512],[76.499809,9.527464],[76.495496,9.527337],[76.486548,9.527486],[76.483641,9.527295],[76.483802,9.522587],[76.484177,9.520629],[76.484638,9.513021],[76.484896,9.508344]]},"properties":{"id":"way/954308889"},"id":"way/954308889"},{"type":"Feature","geometry":{"type":"LineString","coordinates":[[76.509562,9.53249],[76.50939,9.533368],[76.509132,9.533855],[76.508553,9.534194],[76.507974,9.534352],[76.507309,9.534469],[76.507191,9.535865],[76.507383,9.538105]]},"properties":{"id":"way/954308890"},"id":"way/954308890"},{"type":"Feature","geometry":{"type":"LineString","coordinates":[[76.507383,9.538105],[76.504915,9.538037]]},"properties":{"id":"way/954308891"},"id":"way/954308891"},{"type":"Feature","geometry":{"type":"LineString","coordinates":[[76.514776,9.530893],[76.513274,9.531136],[76.51219,9.531305],[76.511697,9.53158],[76.510763,9.532247],[76.510334,9.532458],[76.509562,9.53249]]},"properties":{"id":"way/954308892"},"id":"way/954308892"},{"type":"Feature","geometry":{"type":"LineString","coordinates":[[76.514926,9.538193],[76.512512,9.538246],[76.507383,9.538105]]},"properties":{"id":"way/954308893"},"id":"way/954308893"},{"type":"Feature","geometry":{"type":"LineString","coordinates":[[76.507201,9.549027],[76.506922,9.54817],[76.505989,9.545314],[76.505013,9.539611],[76.504915,9.538037]]},"properties":{"id":"way/954308894"},"id":"way/954308894"},{"type":"Feature","geometry":{"type":"LineString","coordinates":[[76.514797,9.547821],[76.514872,9.546044],[76.515302,9.541505],[76.516207,9.541408],[76.516385,9.541388],[76.516889,9.541113],[76.517651,9.539368],[76.517479,9.53814],[76.514926,9.538193]]},"properties":{"id":"way/954308895"},"id":"way/954308895"},{"type":"Feature","geometry":{"type":"LineString","coordinates":[[76.514797,9.547821],[76.513939,9.548319]]},"properties":{"id":"way/954308896"},"id":"way/954308896"},{"type":"Feature","geometry":{"type":"LineString","coordinates":[[76.513939,9.548319],[76.507201,9.549027]]},"properties":{"id":"way/954308897"},"id":"way/954308897"},{"type":"Feature","geometry":{"type":"LineString","coordinates":[[76.522849,9.545562],[76.519293,9.544943],[76.517635,9.546234],[76.51697,9.546927],[76.514797,9.547821]]},"properties":{"id":"way/954308898"},"id":"way/954308898"},{"type":"Feature","geometry":{"type":"LineString","coordinates":[[76.528395,9.556483],[76.528283,9.556275],[76.527886,9.554772],[76.527425,9.553365],[76.527302,9.553103]]},"properties":{"id":"way/954308899"},"id":"way/954308899"},{"type":"Feature","geometry":{"type":"LineString","coordinates":[[76.501901,9.553556],[76.503038,9.552974],[76.505764,9.551778],[76.506901,9.550667],[76.507351,9.549757],[76.507201,9.549027]]},"properties":{"id":"way/954308900"},"id":"way/954308900"},{"type":"Feature","geometry":{"type":"LineString","coordinates":[[76.514454,9.55399],[76.514266,9.551641],[76.513939,9.548319]]},"properties":{"id":"way/954308901"},"id":"way/954308901"},{"type":"Feature","geometry":{"type":"LineString","coordinates":[[76.519893,9.559766],[76.519303,9.558454],[76.518681,9.557534],[76.517372,9.555608],[76.51704,9.555301]]},"properties":{"id":"way/954308902"},"id":"way/954308902"},{"type":"Feature","geometry":{"type":"LineString","coordinates":[[76.514454,9.55399],[76.513456,9.554222],[76.512405,9.554328],[76.511182,9.554317],[76.507233,9.554191],[76.505806,9.554191],[76.50453,9.554053],[76.501901,9.553556]]},"properties":{"id":"way/954308904"},"id":"way/954308904"},{"type":"Feature","geometry":{"type":"LineString","coordinates":[[76.519893,9.559766],[76.521492,9.558835],[76.522211,9.5582],[76.522865,9.557809],[76.524603,9.557597],[76.52499,9.556984],[76.526095,9.557555],[76.52662,9.557777],[76.528395,9.556483]]},"properties":{"id":"way/954308905"},"id":"way/954308905"},{"type":"Feature","geometry":{"type":"LineString","coordinates":[[76.531211,9.559691],[76.531094,9.559544],[76.53074,9.558539],[76.530504,9.557957],[76.530247,9.557322],[76.529474,9.55729],[76.52882,9.557269],[76.528395,9.556483]]},"properties":{"id":"way/954308906"},"id":"way/954308906"},{"type":"Feature","geometry":{"type":"LineString","coordinates":[[76.517608,9.563966],[76.517115,9.562707],[76.517254,9.561882],[76.517919,9.561332],[76.519303,9.560464],[76.519893,9.559766]]},"properties":{"id":"way/954308907"},"id":"way/954308907"},{"type":"Feature","geometry":{"type":"LineString","coordinates":[[76.522962,9.578365],[76.523316,9.577476],[76.523209,9.576016],[76.522425,9.572176],[76.522114,9.570494],[76.520913,9.566971],[76.520602,9.565765]]},"properties":{"id":"way/954308908"},"id":"way/954308908"},{"type":"Feature","geometry":{"type":"LineString","coordinates":[[76.528476,9.581951],[76.528165,9.580915],[76.528026,9.580343],[76.528766,9.578873],[76.529152,9.577667],[76.529796,9.577138],[76.531159,9.576027],[76.532049,9.575932],[76.531867,9.572694],[76.534098,9.572578],[76.534023,9.56933],[76.534334,9.569119],[76.534581,9.568188],[76.536373,9.567743]]},"properties":{"id":"way/954308909"},"id":"way/954308909"},{"type":"Feature","geometry":{"type":"LineString","coordinates":[[76.520602,9.565765],[76.521664,9.565553],[76.523638,9.563406],[76.524721,9.563649],[76.525258,9.563575],[76.526642,9.562728],[76.527253,9.561766],[76.527565,9.561364],[76.527747,9.561099],[76.528605,9.5613],[76.529045,9.56093],[76.529528,9.560581],[76.5297,9.560136],[76.530107,9.559904],[76.531211,9.559691]]},"properties":{"id":"way/954308910"},"id":"way/954308910"},{"type":"Feature","geometry":{"type":"LineString","coordinates":[[76.522962,9.578365],[76.52485,9.579973],[76.527371,9.582036],[76.528476,9.581951]]},"properties":{"id":"way/954308911"},"id":"way/954308911"},{"type":"Feature","geometry":{"type":"LineString","coordinates":[[76.513735,9.585792],[76.512888,9.586818],[76.512287,9.587865],[76.51219,9.588701],[76.512158,9.589441],[76.511922,9.589939],[76.511568,9.590774],[76.51145,9.591748],[76.511815,9.593102],[76.511943,9.593884],[76.512147,9.595556]]},"properties":{"id":"way/954308912"},"id":"way/954308912"},{"type":"Feature","geometry":{"type":"LineString","coordinates":[[76.516439,9.58851],[76.516106,9.587664],[76.515076,9.586775],[76.513735,9.585792]]},"properties":{"id":"way/954308913"},"id":"way/954308913"},{"type":"Feature","geometry":{"type":"LineString","coordinates":[[76.515645,9.575424],[76.515784,9.577445],[76.516063,9.578915],[76.515967,9.579857],[76.515462,9.580788],[76.51455,9.581518],[76.514229,9.582237],[76.5144,9.584014],[76.514036,9.585115],[76.513735,9.585792]]},"properties":{"id":"way/954308914"},"id":"way/954308914"},{"type":"Feature","geometry":{"type":"LineString","coordinates":[[76.511031,9.574853],[76.513252,9.574874],[76.515645,9.575424]]},"properties":{"id":"way/954308915"},"id":"way/954308915"},{"type":"Feature","geometry":{"type":"LineString","coordinates":[[76.498801,9.577942],[76.500378,9.577371],[76.501483,9.573996]]},"properties":{"id":"way/954308916"},"id":"way/954308916"},{"type":"Feature","geometry":{"type":"LineString","coordinates":[[76.503768,9.581169],[76.503339,9.580396],[76.502255,9.57918],[76.502363,9.577974],[76.50336,9.575773],[76.501483,9.573996]]},"properties":{"id":"way/954308917"},"id":"way/954308917"},{"type":"Feature","geometry":{"type":"LineString","coordinates":[[76.503768,9.581169],[76.50291,9.581253]]},"properties":{"id":"way/954308918"},"id":"way/954308918"},{"type":"Feature","geometry":{"type":"LineString","coordinates":[[76.501483,9.573996],[76.500721,9.572282],[76.503671,9.573181],[76.511031,9.574853]]},"properties":{"id":"way/954308919"},"id":"way/954308919"},{"type":"Feature","geometry":{"type":"LineString","coordinates":[[76.507019,9.584046],[76.506987,9.583284],[76.507834,9.582322],[76.508714,9.581824],[76.508446,9.579709],[76.509626,9.578651],[76.510237,9.577191],[76.511031,9.574853]]},"properties":{"id":"way/954308920"},"id":"way/954308920"},{"type":"Feature","geometry":{"type":"LineString","coordinates":[[76.507019,9.584046],[76.506075,9.583464],[76.505935,9.582269],[76.50586,9.581645],[76.505742,9.5812],[76.505313,9.580946],[76.504294,9.581042],[76.503768,9.581169]]},"properties":{"id":"way/954308921"},"id":"way/954308921"},{"type":"Feature","geometry":{"type":"LineString","coordinates":[[76.50637,9.593488],[76.507394,9.59344],[76.508457,9.593292],[76.509358,9.592615],[76.509637,9.591673],[76.509497,9.590679],[76.509111,9.589928],[76.508918,9.589547],[76.508478,9.58869],[76.508006,9.58796],[76.507652,9.587537],[76.507394,9.58723],[76.506912,9.587114],[76.506536,9.58613],[76.506708,9.585421],[76.507019,9.584046]]},"properties":{"id":"way/954308922"},"id":"way/954308922"},{"type":"Feature","geometry":{"type":"LineString","coordinates":[[76.50637,9.593488],[76.505474,9.593535],[76.504642,9.593588],[76.504186,9.593467],[76.503296,9.593049],[76.50284,9.592382],[76.50225,9.59143],[76.501772,9.59015]]},"properties":{"id":"way/954308923"},"id":"way/954308923"},{"type":"Feature","geometry":{"type":"LineString","coordinates":[[76.50291,9.581253],[76.50262,9.582935],[76.502523,9.584258],[76.50262,9.585263],[76.503124,9.58668],[76.504551,9.589674],[76.505613,9.591811],[76.50637,9.593488]]},"properties":{"id":"way/954308924"},"id":"way/954308924"},{"type":"Feature","geometry":{"type":"LineString","coordinates":[[76.50291,9.581253],[76.50056,9.582015],[76.500496,9.585432]]},"properties":{"id":"way/954308925"},"id":"way/954308925"},{"type":"Feature","geometry":{"type":"LineString","coordinates":[[76.501772,9.59015],[76.500979,9.587939],[76.500496,9.585432]]},"properties":{"id":"way/954308926"},"id":"way/954308926"},{"type":"Feature","geometry":{"type":"LineString","coordinates":[[76.513735,9.585792],[76.512748,9.584914],[76.511493,9.583824],[76.510946,9.583655],[76.510195,9.58376],[76.509229,9.584226],[76.508628,9.584564],[76.508092,9.584649],[76.507373,9.584215],[76.507019,9.584046]]},"properties":{"id":"way/954308927"},"id":"way/954308927"},{"type":"Feature","geometry":{"type":"LineString","coordinates":[[76.517477,9.58814],[76.516439,9.58851]]},"properties":{"id":"way/954308928"},"id":"way/954308928"},{"type":"Feature","geometry":{"type":"LineString","coordinates":[[76.515151,9.596392],[76.51454,9.59599],[76.513982,9.595736],[76.512834,9.595535],[76.512147,9.595556]]},"properties":{"id":"way/954308929"},"id":"way/954308929"},{"type":"Feature","geometry":{"type":"LineString","coordinates":[[76.516439,9.58851],[76.516106,9.589843],[76.515709,9.590869],[76.515302,9.591155],[76.514679,9.591303],[76.514057,9.591451],[76.513971,9.592784],[76.514829,9.59399],[76.515194,9.594519],[76.515151,9.596392]]},"properties":{"id":"way/954308930"},"id":"way/954308930"},{"type":"Feature","geometry":{"type":"LineString","coordinates":[[76.517477,9.58814],[76.51823,9.588796],[76.518703,9.590975],[76.518981,9.591949],[76.519454,9.592647],[76.520205,9.592985],[76.520909,9.593151]]},"properties":{"id":"way/954308931"},"id":"way/954308931"},{"type":"Feature","geometry":{"type":"LineString","coordinates":[[76.520966,9.59343],[76.520909,9.593151]]},"properties":{"id":"way/954308932"},"id":"way/954308932"},{"type":"Feature","geometry":{"type":"LineString","coordinates":[[76.528863,9.585337],[76.525462,9.585284],[76.524174,9.583316],[76.522865,9.584078],[76.522479,9.584184],[76.521449,9.584226],[76.521857,9.584924],[76.521149,9.585051],[76.520934,9.58577],[76.52014,9.586194],[76.518981,9.585876],[76.518316,9.586194],[76.517823,9.587103],[76.517477,9.58814]]},"properties":{"id":"way/954308933"},"id":"way/954308933"},{"type":"Feature","geometry":{"type":"LineString","coordinates":[[76.528476,9.581951],[76.528841,9.5823],[76.528831,9.583729],[76.528863,9.585337]]},"properties":{"id":"way/954308934"},"id":"way/954308934"},{"type":"Feature","geometry":{"type":"LineString","coordinates":[[76.535933,9.581835],[76.534399,9.581877],[76.530848,9.58193],[76.52941,9.581962],[76.528476,9.581951]]},"properties":{"id":"way/954308935"},"id":"way/954308935"},{"type":"Feature","geometry":{"type":"LineString","coordinates":[[76.53766,9.587653],[76.538036,9.586469],[76.538014,9.584903],[76.537821,9.583253],[76.535933,9.581835]]},"properties":{"id":"way/954308936"},"id":"way/954308936"},{"type":"Feature","geometry":{"type":"LineString","coordinates":[[76.53766,9.587653],[76.540289,9.587431],[76.543604,9.58723]]},"properties":{"id":"way/954308937"},"id":"way/954308937"},{"type":"Feature","geometry":{"type":"LineString","coordinates":[[76.542643,9.569926],[76.542145,9.569988]]},"properties":{"id":"way/954308938"},"id":"way/954308938"},{"type":"Feature","geometry":{"type":"LineString","coordinates":[[76.542435,9.582745],[76.541963,9.581581],[76.542714,9.579233],[76.541877,9.57699],[76.5428,9.575889],[76.541448,9.573477],[76.542156,9.572483],[76.542145,9.569988]]},"properties":{"id":"way/954308939"},"id":"way/954308939"},{"type":"Feature","geometry":{"type":"LineString","coordinates":[[76.543604,9.58723],[76.543422,9.58539],[76.542435,9.582745]]},"properties":{"id":"way/954308940"},"id":"way/954308940"},{"type":"Feature","geometry":{"type":"LineString","coordinates":[[76.551032,9.575747],[76.550256,9.575202],[76.549505,9.574387],[76.549044,9.573245],[76.548808,9.57225],[76.548379,9.571785],[76.548464,9.570409]]},"properties":{"id":"way/954308941"},"id":"way/954308941"},{"type":"Feature","geometry":{"type":"LineString","coordinates":[[76.542435,9.582745],[76.543894,9.583443],[76.545889,9.583316],[76.547112,9.582978],[76.546984,9.581793],[76.546876,9.580587],[76.546962,9.580058],[76.5481,9.579635],[76.548786,9.579529],[76.549473,9.579317],[76.550117,9.578471],[76.550267,9.576947],[76.550288,9.576334],[76.551032,9.575747]]},"properties":{"id":"way/954308942"},"id":"way/954308942"},{"type":"Feature","geometry":{"type":"LineString","coordinates":[[76.535622,9.591478],[76.536781,9.590288],[76.537296,9.589113],[76.53766,9.587653]]},"properties":{"id":"way/954308943"},"id":"way/954308943"},{"type":"Feature","geometry":{"type":"LineString","coordinates":[[76.545407,9.597566],[76.545836,9.596497],[76.546426,9.595429],[76.54708,9.59508]]},"properties":{"id":"way/954308944"},"id":"way/954308944"},{"type":"Feature","geometry":{"type":"LineString","coordinates":[[76.543604,9.58723],[76.545181,9.589462],[76.544323,9.590478],[76.544892,9.592499],[76.545138,9.593652],[76.545686,9.594265],[76.54708,9.59508]]},"properties":{"id":"way/954308945"},"id":"way/954308945"},{"type":"Feature","geometry":{"type":"LineString","coordinates":[[76.53073,9.58924],[76.531094,9.590182],[76.532886,9.590383],[76.535622,9.591478]]},"properties":{"id":"way/954308946"},"id":"way/954308946"},{"type":"Feature","geometry":{"type":"LineString","coordinates":[[76.528863,9.585337],[76.531148,9.586225],[76.531684,9.587548],[76.531652,9.588637],[76.531663,9.58906],[76.53073,9.58924]]},"properties":{"id":"way/954308947"},"id":"way/954308947"},{"type":"Feature","geometry":{"type":"LineString","coordinates":[[76.541137,9.570118],[76.539731,9.570504],[76.539313,9.571298],[76.538926,9.57243],[76.538712,9.573499],[76.538293,9.57481],[76.537864,9.575805],[76.537339,9.577794],[76.536738,9.579264],[76.536137,9.580999],[76.535933,9.581835]]},"properties":{"id":"way/954308948"},"id":"way/954308948"},{"type":"Feature","geometry":{"type":"LineString","coordinates":[[76.515645,9.575424],[76.516954,9.576143],[76.51866,9.576165],[76.519507,9.576492],[76.521299,9.577593],[76.522962,9.578365]]},"properties":{"id":"way/954308949"},"id":"way/954308949"},{"type":"Feature","geometry":{"type":"LineString","coordinates":[[76.498801,9.577942],[76.497889,9.577593],[76.496612,9.577106],[76.494906,9.57809],[76.492696,9.578418],[76.489832,9.577517]]},"properties":{"id":"way/954308950"},"id":"way/954308950"},{"type":"Feature","geometry":{"type":"LineString","coordinates":[[76.489832,9.577517],[76.489681,9.576873],[76.488994,9.575466],[76.488694,9.574715],[76.488705,9.573615],[76.488415,9.569753],[76.488211,9.56861]]},"properties":{"id":"way/954308951"},"id":"way/954308951"},{"type":"Feature","geometry":{"type":"LineString","coordinates":[[76.497277,9.587241],[76.496837,9.584194],[76.49658,9.582427],[76.496902,9.581592],[76.497299,9.581317],[76.498103,9.581169],[76.498811,9.58101],[76.498897,9.580259],[76.499015,9.579307],[76.498801,9.577942]]},"properties":{"id":"way/954308952"},"id":"way/954308952"},{"type":"Feature","geometry":{"type":"LineString","coordinates":[[76.500496,9.585432],[76.499755,9.585834],[76.497653,9.587103],[76.497277,9.587241]]},"properties":{"id":"way/954308953"},"id":"way/954308953"},{"type":"Feature","geometry":{"type":"LineString","coordinates":[[76.488701,9.585347],[76.488984,9.584247],[76.48864,9.583411],[76.488082,9.582861],[76.487696,9.582427],[76.487567,9.582099],[76.4876,9.58197]]},"properties":{"id":"way/954308954"},"id":"way/954308954"},{"type":"Feature","geometry":{"type":"LineString","coordinates":[[76.497277,9.587241],[76.496033,9.588235],[76.494294,9.588447],[76.49364,9.588225],[76.4932,9.587823],[76.492932,9.587199],[76.492814,9.586733],[76.492599,9.586215],[76.492095,9.585813],[76.491505,9.585643],[76.490958,9.585548],[76.490389,9.585569],[76.488701,9.585347]]},"properties":{"id":"way/954308955"},"id":"way/954308955"},{"type":"Feature","geometry":{"type":"LineString","coordinates":[[76.501772,9.59015],[76.500957,9.590817],[76.499817,9.591686]]},"properties":{"id":"way/954308956"},"id":"way/954308956"},{"type":"Feature","geometry":{"type":"LineString","coordinates":[[76.501495,9.593695],[76.501381,9.593504],[76.500126,9.592017],[76.499817,9.591686]]},"properties":{"id":"way/954308957"},"id":"way/954308957"},{"type":"Feature","geometry":{"type":"LineString","coordinates":[[76.512147,9.595556],[76.511241,9.595942],[76.509808,9.596291],[76.508682,9.596217],[76.507614,9.595656],[76.506708,9.595154],[76.506493,9.594868],[76.506439,9.593985],[76.50637,9.593488]]},"properties":{"id":"way/954308958"},"id":"way/954308958"},{"type":"Feature","geometry":{"type":"LineString","coordinates":[[76.512147,9.595556],[76.512405,9.596656],[76.512512,9.597153],[76.512351,9.597481],[76.511933,9.598021],[76.511375,9.598486],[76.510887,9.598901]]},"properties":{"id":"way/954308959"},"id":"way/954308959"},{"type":"Feature","geometry":{"type":"LineString","coordinates":[[76.510887,9.598901],[76.510696,9.598937],[76.510292,9.599031],[76.509736,9.599126],[76.509351,9.599208],[76.508821,9.599286],[76.508548,9.599313],[76.508277,9.599318],[76.507719,9.599346],[76.50692,9.599413],[76.506478,9.599429],[76.505856,9.599447],[76.505487,9.599432],[76.505324,9.59947]]},"properties":{"id":"way/954308960"},"id":"way/954308960"},{"type":"Feature","geometry":{"type":"LineString","coordinates":[[76.520966,9.59343],[76.519915,9.593895],[76.51823,9.594413],[76.516653,9.595344],[76.515634,9.596053],[76.515151,9.596392]]},"properties":{"id":"way/954308961"},"id":"way/954308961"},{"type":"Feature","geometry":{"type":"LineString","coordinates":[[76.517383,9.601036],[76.517029,9.59984],[76.519014,9.598518],[76.520076,9.597545],[76.520988,9.596593],[76.521385,9.595778],[76.521395,9.595133],[76.521213,9.594382],[76.520966,9.59343]]},"properties":{"id":"way/954308962"},"id":"way/954308962"},{"type":"Feature","geometry":{"type":"LineString","coordinates":[[76.545407,9.597566],[76.54479,9.597254],[76.543749,9.596407],[76.542907,9.595804],[76.542247,9.595064],[76.541796,9.594493],[76.542065,9.592419],[76.542156,9.591927],[76.541807,9.591182],[76.541469,9.590885],[76.541067,9.590695],[76.540423,9.591182],[76.53986,9.591689],[76.539307,9.592329],[76.537961,9.592044],[76.536652,9.591779],[76.535622,9.591478]]},"properties":{"id":"way/954308963"},"id":"way/954308963"},{"type":"Feature","geometry":{"type":"LineString","coordinates":[[76.520909,9.593151],[76.520687,9.592065],[76.522243,9.590827],[76.523734,9.589864],[76.524088,9.589716],[76.526309,9.589484],[76.529818,9.589272],[76.53073,9.58924]]},"properties":{"id":"way/954308964"},"id":"way/954308964"},{"type":"Feature","geometry":{"type":"LineString","coordinates":[[76.52684,9.597793],[76.526926,9.598407],[76.526669,9.59892],[76.526154,9.599867],[76.525633,9.601168],[76.525183,9.602072],[76.524534,9.602485],[76.523445,9.603014],[76.522517,9.602982],[76.521664,9.602797],[76.520682,9.602374],[76.519572,9.601813],[76.518413,9.601242],[76.517764,9.600999],[76.517383,9.601036]]},"properties":{"id":"way/954308965"},"id":"way/954308965"},{"type":"Feature","geometry":{"type":"LineString","coordinates":[[76.517383,9.601036],[76.516627,9.601432],[76.514744,9.602347],[76.513698,9.60303],[76.512845,9.603781],[76.511986,9.604299],[76.511289,9.604728],[76.510667,9.604934],[76.510286,9.604944],[76.509696,9.604807],[76.509197,9.604167],[76.508875,9.603548],[76.509025,9.602829],[76.509197,9.602363],[76.509222,9.602301],[76.509489,9.602103],[76.509839,9.601855],[76.51017,9.601736],[76.510908,9.601432],[76.511321,9.601233],[76.511709,9.600952],[76.511946,9.600788],[76.512158,9.6004],[76.512198,9.600193],[76.512242,9.599846],[76.512228,9.599631],[76.512191,9.599322],[76.51206,9.599015],[76.511809,9.598882],[76.511514,9.598827],[76.511284,9.598827],[76.510887,9.598901]]},"properties":{"id":"way/954308966"},"id":"way/954308966"},{"type":"Feature","geometry":{"type":"LineString","coordinates":[[76.536856,9.60477],[76.537178,9.603067],[76.537467,9.602199],[76.538841,9.601818],[76.540396,9.601797],[76.54119,9.600687],[76.541898,9.600115],[76.542596,9.599047],[76.543357,9.598687],[76.544892,9.598105],[76.545407,9.597566]]},"properties":{"id":"way/954308967"},"id":"way/954308967"},{"type":"Feature","geometry":{"type":"LineString","coordinates":[[76.516069,9.602257],[76.514744,9.603043],[76.513679,9.603738],[76.512512,9.604653],[76.51145,9.605338],[76.510967,9.605584],[76.510573,9.605553],[76.509835,9.605402],[76.509283,9.60504],[76.508912,9.604595],[76.50855,9.604154],[76.508006,9.60405]]},"properties":{"id":"way/954308968"},"id":"way/954308968"},{"type":"Feature","geometry":{"type":"LineString","coordinates":[[76.516069,9.602257],[76.51675,9.601929],[76.517308,9.601607],[76.517823,9.601496],[76.518193,9.601586],[76.518686,9.601871],[76.519378,9.602374],[76.520254,9.602768]]},"properties":{"id":"way/954308969"},"id":"way/954308969"},{"type":"Feature","geometry":{"type":"LineString","coordinates":[[76.517828,9.612339],[76.517764,9.61145],[76.51764,9.610228],[76.517469,9.609567],[76.517066,9.608716],[76.516401,9.607504],[76.516095,9.606933],[76.516369,9.605346],[76.516369,9.60422],[76.516203,9.602998],[76.516069,9.602257]]},"properties":{"id":"way/954308970"},"id":"way/954308970"},{"type":"Feature","geometry":{"type":"LineString","coordinates":[[76.52337,9.608255],[76.522533,9.606843],[76.521009,9.604675],[76.520254,9.602768]]},"properties":{"id":"way/954308971"},"id":"way/954308971"},{"type":"Feature","geometry":{"type":"LineString","coordinates":[[76.523375,9.609816],[76.52337,9.608255]]},"properties":{"id":"way/954308972"},"id":"way/954308972"},{"type":"Feature","geometry":{"type":"LineString","coordinates":[[76.532843,9.605394],[76.53353,9.604029],[76.533956,9.604275]]},"properties":{"id":"way/954308973"},"id":"way/954308973"},{"type":"Feature","geometry":{"type":"LineString","coordinates":[[76.520254,9.602768],[76.520623,9.602934],[76.521578,9.603331],[76.522533,9.6035],[76.523734,9.603543],[76.5244,9.603088],[76.525344,9.602559],[76.526095,9.601882],[76.526588,9.600528],[76.527361,9.599227],[76.52808,9.598222],[76.529067,9.597703],[76.530354,9.597576],[76.531577,9.597397],[76.532382,9.597799],[76.532972,9.598835],[76.532897,9.600126],[76.533036,9.601607],[76.533262,9.602464],[76.533744,9.603395],[76.533956,9.604275]]},"properties":{"id":"way/954308974"},"id":"way/954308974"},{"type":"Feature","geometry":{"type":"LineString","coordinates":[[76.517828,9.612339],[76.516353,9.612508],[76.514561,9.612735],[76.515157,9.613677],[76.516283,9.615052],[76.517994,9.617035]]},"properties":{"id":"way/954308975"},"id":"way/954308975"},{"type":"Feature","geometry":{"type":"LineString","coordinates":[[76.515777,9.618491],[76.516525,9.61758],[76.516603,9.61737]]},"properties":{"id":"way/954308976"},"id":"way/954308976"},{"type":"Feature","geometry":{"type":"LineString","coordinates":[[76.517994,9.617035],[76.516997,9.617316],[76.516603,9.61737]]},"properties":{"id":"way/954308977"},"id":"way/954308977"},{"type":"Feature","geometry":{"type":"LineString","coordinates":[[76.517994,9.617035],[76.519368,9.616866],[76.520478,9.616734],[76.521943,9.61648],[76.522919,9.616253],[76.524249,9.616274],[76.525247,9.616126]]},"properties":{"id":"way/954308978"},"id":"way/954308978"},{"type":"Feature","geometry":{"type":"LineString","coordinates":[[76.526513,9.618458],[76.525971,9.617464],[76.525247,9.616126]]},"properties":{"id":"way/954308979"},"id":"way/954308979"},{"type":"Feature","geometry":{"type":"LineString","coordinates":[[76.523375,9.609816],[76.522071,9.610329],[76.521567,9.609594],[76.520934,9.608795],[76.520113,9.608076],[76.519786,9.6088],[76.520167,9.609943],[76.521143,9.611931],[76.519475,9.612148],[76.517828,9.612339]]},"properties":{"id":"way/954308980"},"id":"way/954308980"},{"type":"Feature","geometry":{"type":"LineString","coordinates":[[76.525247,9.616126],[76.524668,9.614232],[76.524244,9.612868],[76.523761,9.611143],[76.523375,9.609816]]},"properties":{"id":"way/954308981"},"id":"way/954308981"},{"type":"Feature","geometry":{"type":"LineString","coordinates":[[76.532843,9.605394],[76.529871,9.605637]]},"properties":{"id":"way/954308982"},"id":"way/954308982"},{"type":"Feature","geometry":{"type":"LineString","coordinates":[[76.52337,9.608255],[76.524614,9.607272],[76.525853,9.607071],[76.5272,9.606774],[76.52845,9.606283],[76.529319,9.605838],[76.529871,9.605637]]},"properties":{"id":"way/954308983"},"id":"way/954308983"},{"type":"Feature","geometry":{"type":"LineString","coordinates":[[76.526513,9.618458],[76.528924,9.618142]]},"properties":{"id":"way/954308984"},"id":"way/954308984"},{"type":"Feature","geometry":{"type":"LineString","coordinates":[[76.528924,9.618142],[76.528949,9.618268],[76.52911,9.619114],[76.529024,9.620119],[76.528605,9.621737],[76.528605,9.622425],[76.529469,9.623985]]},"properties":{"id":"way/954308985"},"id":"way/954308985"},{"type":"Feature","geometry":{"type":"LineString","coordinates":[[76.5244,9.626952],[76.524378,9.626656],[76.524957,9.626349],[76.525537,9.626328],[76.525859,9.626021],[76.525676,9.625482],[76.525269,9.625175],[76.524957,9.624963],[76.524335,9.624636],[76.523852,9.624403],[76.523649,9.62416],[76.523563,9.623853],[76.523595,9.62361],[76.523852,9.623387],[76.524314,9.62325],[76.524657,9.623123],[76.524904,9.622806],[76.524979,9.622679],[76.525033,9.622086],[76.525097,9.621536],[76.525955,9.621166],[76.526524,9.620902],[76.526663,9.620595],[76.526738,9.619918],[76.526728,9.619558],[76.526513,9.618458]]},"properties":{"id":"way/954308986"},"id":"way/954308986"},{"type":"Feature","geometry":{"type":"LineString","coordinates":[[76.5244,9.626952],[76.5219,9.626815],[76.520215,9.626688],[76.51763,9.62654]]},"properties":{"id":"way/954308987"},"id":"way/954308987"},{"type":"Feature","geometry":{"type":"LineString","coordinates":[[76.51763,9.62654],[76.517349,9.626068],[76.515486,9.625062],[76.515381,9.624994]]},"properties":{"id":"way/954308988"},"id":"way/954308988"},{"type":"Feature","geometry":{"type":"LineString","coordinates":[[76.529469,9.623985],[76.528852,9.624202],[76.528482,9.624329],[76.528106,9.624286],[76.528031,9.625217],[76.52853,9.625656],[76.52919,9.626153],[76.529458,9.626651],[76.529517,9.627275],[76.528627,9.627386],[76.526814,9.627365],[76.5244,9.626952]]},"properties":{"id":"way/954308989"},"id":"way/954308989"},{"type":"Feature","geometry":{"type":"LineString","coordinates":[[76.529469,9.623985],[76.530231,9.6239],[76.530386,9.623752],[76.530654,9.622816],[76.530799,9.622488],[76.531041,9.622499],[76.531304,9.622695],[76.531947,9.623118],[76.532634,9.623477],[76.534544,9.621943]]},"properties":{"id":"way/954308990"},"id":"way/954308990"},{"type":"Feature","geometry":{"type":"LineString","coordinates":[[76.529871,9.605637],[76.530333,9.606991],[76.531116,9.608345],[76.531556,9.610345],[76.531824,9.611466],[76.531738,9.612756],[76.529378,9.61301],[76.528841,9.61319],[76.528809,9.615348],[76.528863,9.617834],[76.528924,9.618142]]},"properties":{"id":"way/954308991"},"id":"way/954308991"},{"type":"Feature","geometry":{"type":"LineString","coordinates":[[76.533956,9.604275],[76.534431,9.604548],[76.534663,9.604643]]},"properties":{"id":"way/954308992"},"id":"way/954308992"},{"type":"Feature","geometry":{"type":"LineString","coordinates":[[76.551601,9.609777],[76.550996,9.609742],[76.548647,9.610091],[76.546801,9.610186],[76.546723,9.610169],[76.545847,9.609985],[76.544892,9.60953],[76.543797,9.608917],[76.542317,9.607309],[76.54104,9.605627],[76.54045,9.604484],[76.539956,9.60405],[76.539313,9.603955],[76.538519,9.604072],[76.537768,9.604273],[76.536856,9.60477]]},"properties":{"id":"way/954308993"},"id":"way/954308993"},{"type":"Feature","geometry":{"type":"LineString","coordinates":[[76.537253,9.61484],[76.535772,9.614586],[76.535118,9.614407],[76.534678,9.613624],[76.533712,9.612979],[76.533594,9.611191],[76.533487,9.609689],[76.533508,9.607816],[76.532607,9.606335],[76.532843,9.605394]]},"properties":{"id":"way/954308994"},"id":"way/954308994"},{"type":"Feature","geometry":{"type":"LineString","coordinates":[[76.548303,9.616871],[76.548379,9.613793],[76.54899,9.611878]]},"properties":{"id":"way/954308995"},"id":"way/954308995"},{"type":"Feature","geometry":{"type":"LineString","coordinates":[[76.537253,9.61484],[76.537693,9.613624],[76.538733,9.613719],[76.539034,9.612566],[76.539946,9.612799],[76.540664,9.611085],[76.542681,9.612587],[76.544763,9.612682],[76.54664,9.611931],[76.548175,9.611424],[76.54899,9.611878]]},"properties":{"id":"way/954308996"},"id":"way/954308996"},{"type":"Feature","geometry":{"type":"LineString","coordinates":[[76.534544,9.621943],[76.535289,9.620478],[76.536995,9.616152],[76.537253,9.61484]]},"properties":{"id":"way/954308997"},"id":"way/954308997"},{"type":"Feature","geometry":{"type":"LineString","coordinates":[[76.542215,9.620436],[76.542456,9.61886],[76.545771,9.618606],[76.54855,9.618437],[76.548303,9.616871]]},"properties":{"id":"way/954308998"},"id":"way/954308998"},{"type":"Feature","geometry":{"type":"LineString","coordinates":[[76.537253,9.61484],[76.538905,9.615433],[76.540911,9.615137],[76.542338,9.616533],[76.545546,9.616237],[76.546158,9.617168],[76.548303,9.616871]]},"properties":{"id":"way/954308999"},"id":"way/954308999"},{"type":"Feature","geometry":{"type":"LineString","coordinates":[[76.534544,9.621943],[76.536062,9.622234],[76.537306,9.622388],[76.53839,9.622271],[76.540504,9.621319],[76.542215,9.620436]]},"properties":{"id":"way/954309000"},"id":"way/954309000"},{"type":"Feature","geometry":{"type":"LineString","coordinates":[[76.556543,9.625873],[76.556865,9.625217],[76.557241,9.624117],[76.558635,9.623038],[76.560137,9.622044],[76.560802,9.621028],[76.561446,9.619315],[76.561275,9.617929],[76.561017,9.617379],[76.559966,9.616935],[76.558421,9.616617],[76.557359,9.616247],[76.557123,9.615888],[76.556929,9.615031],[76.556647,9.613976]]},"properties":{"id":"way/954309001"},"id":"way/954309001"},{"type":"Feature","geometry":{"type":"LineString","coordinates":[[76.54899,9.611878],[76.550514,9.612429],[76.552745,9.61282],[76.553732,9.612947],[76.554848,9.612862],[76.556157,9.612143]]},"properties":{"id":"way/954309002"},"id":"way/954309002"},{"type":"Feature","geometry":{"type":"LineString","coordinates":[[76.536743,9.628094],[76.535912,9.626693],[76.53707,9.626772],[76.53633,9.625265],[76.535493,9.623731],[76.534812,9.622647],[76.534544,9.621943]]},"properties":{"id":"way/954309003"},"id":"way/954309003"},{"type":"Feature","geometry":{"type":"LineString","coordinates":[[76.542564,9.630337],[76.542757,9.63021],[76.544151,9.629121],[76.54443,9.628433],[76.543593,9.627587],[76.543604,9.62709],[76.544774,9.627121],[76.54649,9.627777],[76.547206,9.627882]]},"properties":{"id":"way/954309004"},"id":"way/954309004"},{"type":"Feature","geometry":{"type":"LineString","coordinates":[[76.542215,9.620436],[76.542783,9.620759],[76.544285,9.620521],[76.545138,9.620394],[76.546378,9.620209],[76.547987,9.619992],[76.547939,9.62105],[76.547354,9.622187],[76.546581,9.623509],[76.546437,9.624461],[76.547037,9.626185],[76.547113,9.627291],[76.547206,9.627882]]},"properties":{"id":"way/954309005"},"id":"way/954309005"},{"type":"Feature","geometry":{"type":"LineString","coordinates":[[76.536743,9.628094],[76.537328,9.629766],[76.538418,9.633201]]},"properties":{"id":"way/954309006"},"id":"way/954309006"},{"type":"Feature","geometry":{"type":"LineString","coordinates":[[76.538418,9.633201],[76.53942,9.632865],[76.540262,9.632426],[76.540402,9.630506],[76.541399,9.630035],[76.542564,9.630337]]},"properties":{"id":"way/954309007"},"id":"way/954309007"},{"type":"Feature","geometry":{"type":"LineString","coordinates":[[76.516648,9.634583],[76.519513,9.631029],[76.524099,9.631183],[76.526417,9.629607],[76.527243,9.629036],[76.528546,9.629046],[76.530547,9.629036],[76.532967,9.62902],[76.534318,9.628745],[76.535525,9.628454],[76.536743,9.628094]]},"properties":{"id":"way/954309008"},"id":"way/954309008"},{"type":"Feature","geometry":{"type":"LineString","coordinates":[[76.524758,9.636798],[76.523455,9.636086],[76.522359,9.636475],[76.520906,9.636524],[76.516648,9.634583]]},"properties":{"id":"way/954309009"},"id":"way/954309009"},{"type":"Feature","geometry":{"type":"LineString","coordinates":[[76.534663,9.604643],[76.535536,9.605003],[76.536856,9.60477]]},"properties":{"id":"way/954320534"},"id":"way/954320534"},{"type":"Feature","geometry":{"type":"LineString","coordinates":[[76.52684,9.597793],[76.527436,9.597693],[76.529485,9.597053],[76.530671,9.596868],[76.531524,9.596857],[76.532612,9.597026],[76.533337,9.597582],[76.533546,9.598084],[76.533594,9.599639],[76.533616,9.60029],[76.533884,9.602231],[76.53442,9.603442],[76.534608,9.603924],[76.534667,9.604326],[76.534663,9.604643]]},"properties":{"id":"way/954320535"},"id":"way/954320535"},{"type":"Feature","geometry":{"type":"LineString","coordinates":[[76.535622,9.591478],[76.534506,9.593001],[76.533975,9.593609],[76.532537,9.594107],[76.530198,9.594821],[76.528648,9.595212],[76.527302,9.597174],[76.52684,9.597793]]},"properties":{"id":"way/954320536"},"id":"way/954320536"},{"type":"Feature","geometry":{"type":"LineString","coordinates":[[76.524882,9.534299],[76.525977,9.533062],[76.525741,9.531252]]},"properties":{"id":"way/954325846"},"id":"way/954325846"},{"type":"Feature","geometry":{"type":"LineString","coordinates":[[76.515291,9.531062],[76.51661,9.531443],[76.517356,9.532019],[76.517673,9.532628],[76.517871,9.534945],[76.521186,9.534813],[76.523332,9.535067],[76.52477,9.535134]]},"properties":{"id":"way/954325847"},"id":"way/954325847"},{"type":"Feature","geometry":{"type":"LineString","coordinates":[[76.515291,9.531062],[76.514776,9.530893]]},"properties":{"id":"way/954325848"},"id":"way/954325848"},{"type":"Feature","geometry":{"type":"LineString","coordinates":[[76.524035,9.548583],[76.523874,9.547017],[76.523112,9.545927],[76.522849,9.545562]]},"properties":{"id":"way/954325849"},"id":"way/954325849"},{"type":"Feature","geometry":{"type":"LineString","coordinates":[[76.51704,9.555301],[76.517233,9.554011],[76.517394,9.553111],[76.518928,9.552572],[76.520548,9.552519],[76.523606,9.55235],[76.52396,9.552307],[76.524035,9.548583]]},"properties":{"id":"way/954325850"},"id":"way/954325850"},{"type":"Feature","geometry":{"type":"LineString","coordinates":[[76.51704,9.555301],[76.514454,9.55399]]},"properties":{"id":"way/954325851"},"id":"way/954325851"},{"type":"Feature","geometry":{"type":"LineString","coordinates":[[76.513435,9.56422],[76.513639,9.565236],[76.514154,9.565786],[76.514926,9.566384],[76.51572,9.566807],[76.516514,9.566971],[76.51705,9.567124],[76.517286,9.567447],[76.517383,9.56778],[76.517302,9.568135],[76.517201,9.56841],[76.517109,9.568701],[76.516868,9.569346],[76.516492,9.570335],[76.515623,9.571996],[76.515296,9.573054],[76.515055,9.57399],[76.514953,9.574345],[76.515645,9.575424]]},"properties":{"id":"way/954328264"},"id":"way/954328264"},{"type":"Feature","geometry":{"type":"LineString","coordinates":[[76.517608,9.563966],[76.513435,9.56422]]},"properties":{"id":"way/954328265"},"id":"way/954328265"},{"type":"Feature","geometry":{"type":"LineString","coordinates":[[76.500449,9.557215],[76.501826,9.55618],[76.50189,9.555079],[76.501837,9.554191],[76.501901,9.553556]]},"properties":{"id":"way/954328266"},"id":"way/954328266"},{"type":"Feature","geometry":{"type":"LineString","coordinates":[[76.513435,9.56422],[76.512362,9.562834],[76.510313,9.561237],[76.509122,9.560306],[76.507534,9.559703],[76.504916,9.560443],[76.501933,9.5613],[76.5013,9.560866],[76.500528,9.559671],[76.500539,9.558158],[76.500449,9.557215]]},"properties":{"id":"way/954328267"},"id":"way/954328267"},{"type":"Feature","geometry":{"type":"LineString","coordinates":[[76.520602,9.565765],[76.519282,9.565871],[76.517844,9.564315],[76.517608,9.563966]]},"properties":{"id":"way/954328268"},"id":"way/954328268"},{"type":"Feature","geometry":{"type":"LineString","coordinates":[[76.548464,9.570409],[76.546608,9.570282],[76.545417,9.569901],[76.54399,9.569997],[76.542643,9.569926]]},"properties":{"id":"way/954374705"},"id":"way/954374705"},{"type":"Feature","geometry":{"type":"LineString","coordinates":[[76.547492,9.585514],[76.547284,9.584427],[76.54742,9.583793]]},"properties":{"id":"way/954566536"},"id":"way/954566536"},{"type":"Feature","geometry":{"type":"LineString","coordinates":[[76.552144,9.57754],[76.552219,9.576863],[76.551672,9.576196],[76.551032,9.575747]]},"properties":{"id":"way/954566539"},"id":"way/954566539"},{"type":"Feature","geometry":{"type":"LineString","coordinates":[[76.547715,9.58813],[76.547681,9.5865],[76.547492,9.585514]]},"properties":{"id":"way/954566545"},"id":"way/954566545"},{"type":"Feature","geometry":{"type":"LineString","coordinates":[[76.54708,9.59508],[76.548432,9.594911],[76.548625,9.5927],[76.547885,9.590076],[76.547724,9.588584],[76.547715,9.58813]]},"properties":{"id":"way/954566548"},"id":"way/954566548"},{"type":"Feature","geometry":{"type":"LineString","coordinates":[[76.556157,9.612143],[76.554408,9.610778],[76.553485,9.610239],[76.552649,9.609837],[76.551601,9.609777]]},"properties":{"id":"way/954566573"},"id":"way/954566573"},{"type":"Feature","geometry":{"type":"LineString","coordinates":[[76.556647,9.613976],[76.556157,9.612143]]},"properties":{"id":"way/954566576"},"id":"way/954566576"},{"type":"Feature","geometry":{"type":"LineString","coordinates":[[76.532522,9.527523],[76.532854,9.527464],[76.533616,9.526935],[76.533701,9.526216],[76.533079,9.525253],[76.532972,9.524279],[76.533337,9.523137],[76.533819,9.521772]]},"properties":{"id":"way/954639380"},"id":"way/954639380"},{"type":"Feature","geometry":{"type":"LineString","coordinates":[[76.52477,9.535134],[76.524882,9.534299]]},"properties":{"id":"way/954639383"},"id":"way/954639383"},{"type":"Feature","geometry":{"type":"LineString","coordinates":[[76.522849,9.545562],[76.522624,9.545192],[76.522372,9.544848],[76.522386,9.544161]]},"properties":{"id":"way/954639388"},"id":"way/954639388"},{"type":"Feature","geometry":{"type":"LineString","coordinates":[[76.536373,9.567743],[76.534238,9.564802],[76.532779,9.562591],[76.532092,9.560792],[76.531211,9.559691]]},"properties":{"id":"way/954639394"},"id":"way/954639394"},{"type":"Feature","geometry":{"type":"LineString","coordinates":[[76.526341,9.551366],[76.525322,9.549959],[76.524035,9.548583]]},"properties":{"id":"way/954639405"},"id":"way/954639405"},{"type":"Feature","geometry":{"type":"LineString","coordinates":[[76.527302,9.553103],[76.526824,9.552085],[76.526341,9.551366]]},"properties":{"id":"way/954639406"},"id":"way/954639406"},{"type":"Feature","geometry":{"type":"LineString","coordinates":[[76.542145,9.569988],[76.541137,9.570118]]},"properties":{"id":"way/954639408"},"id":"way/954639408"},{"type":"Feature","geometry":{"type":"LineString","coordinates":[[76.535794,9.510011],[76.534377,9.509074]]},"properties":{"id":"way/954651708"},"id":"way/954651708"},{"type":"Feature","geometry":{"type":"LineString","coordinates":[[76.526875,9.511167],[76.525204,9.511005],[76.523847,9.510773],[76.522549,9.510625],[76.521685,9.511508],[76.521106,9.512497]]},"properties":{"id":"way/954651720"},"id":"way/954651720"},{"type":"Feature","geometry":{"type":"LineString","coordinates":[[76.534377,9.509074],[76.532773,9.509006],[76.531411,9.509857],[76.529989,9.510646],[76.528766,9.511037],[76.527227,9.511201],[76.526875,9.511167]]},"properties":{"id":"way/954651723"},"id":"way/954651723"},{"type":"Feature","geometry":{"type":"LineString","coordinates":[[76.495721,9.511127],[76.49423,9.509931],[76.493576,9.508566],[76.492892,9.507362]]},"properties":{"id":"way/954651725"},"id":"way/954651725"},{"type":"Feature","geometry":{"type":"LineString","coordinates":[[76.510951,9.518017],[76.509454,9.518037]]},"properties":{"id":"way/954651730"},"id":"way/954651730"},{"type":"Feature","geometry":{"type":"Point","coordinates":[76.502981,9.593729]},"properties":{"name":"Thazhathangadi","name:en":"Thazhathangadi","name:ml":"താഴത്തങ്ങാടി","place":"quarter","id":"node/8754881558"},"id":"node/8754881558"}]}